,image_src.1.100.,price(ETH),price(USD),name,imageCode,currentOwner,amount,transaction_date
1,https://www.larvalabs.com/public/images/cryptopunks/punk0441.png,59.95,200.87K,CryptoPunk 441,441,zymerce.…,"58.20  ($194358),59.95  ($203242),50  ($163984),59.95  ($192704),60.95  ($186446),58  ($181956),58  ($180451),60.95  ($189050),55  ($175993),58.95  ($188488),60.44  ($194591),63.88  ($215428),60  ($204799),60  ($205588),63.50  ($220330),46.46  ($129016),1  ($2799),1  ($2799),46.46  ($131048),44.44  ($118990),19  ($37737),19  ($37737),14.50  ($28799),19.75  ($39227),0.00  ($0.00),0.00  ($0.00),22.20  ($45289),19.95  ($42849),18.95  ($40396),18.95  ($40642),19.95  ($47086),18  ($42483),18  ($42483),18.49  ($44145),21.50  ($71288),21.95  ($72707),19.20  ($41289),19.20  ($41218),19.40  ($41717),19.70  ($42362),18.50  ($39781),18.50  ($39781),19.25  ($41160),21.97  ($39238),<0.01  ($2),21.97  ($41975),22.44  ($39221),20  ($35964),20  ($35790)","Jan 13, 2022,Jan 12, 2022,Jan 12, 2022,Jan 12, 2022,Jan 12, 2022,Jan 12, 2022,Jan 10, 2022,Jan 10, 2022,Jan 09, 2022,Jan 09, 2022,Jan 09, 2022,Jan 08, 2022,Jan 08, 2022,Jan 08, 2022,Jan 08, 2022,Jan 07, 2022,Jan 06, 2022,Jan 06, 2022,Jan 06, 2022,Aug 06, 2021,Aug 06, 2021,Aug 06, 2021,Aug 06, 2021,Aug 05, 2021,Jul 18, 2021,Jul 18, 2021,Jul 18, 2021,Jul 18, 2021,Jul 18, 2021,Jul 13, 2021,Jul 13, 2021,Jul 13, 2021,Jul 12, 2021,Jul 10, 2021,Jul 09, 2021,Jul 09, 2021,Jul 08, 2021,Jul 07, 2021,Jul 07, 2021,Jul 07, 2021,Jul 07, 2021,Jul 07, 2021,May 13, 2021,May 13, 2021,May 12, 2021,May 04, 2021,May 04, 2021,May 04, 2021,May 04, 2021,May 04, 2021,May 04, 2021,May 04, 2021,May 04, 2021,May 04, 2021,May 03, 2021,May 03, 2021,May 03, 2021,May 03, 2021,May 03, 2021,May 03, 2021,May 03, 2021,May 03, 2021,May 03, 2021,Apr 11, 2021,Apr 11, 2021,Apr 11, 2021,Apr 11, 2021,Apr 11, 2021,Apr 11, 2021,Apr 11, 2021,Apr 11, 2021,Apr 11, 2021,Apr 11, 2021,Apr 04, 2021,Apr 04, 2021,Mar 15, 2021,Mar 14, 2021,Mar 13, 2021,Mar 13, 2021,Mar 12, 2021,Mar 12, 2021,Mar 06, 2021,Mar 05, 2021,Feb 04, 2021,Jun 23, 2017"
2,https://www.larvalabs.com/public/images/cryptopunks/punk1482.png,62,207.73K,CryptoPunk 1482,1482,0x91338c,"62  ($209641),59.69  ($201830),59.69  ($201839),56  ($181885),60.69  ($187286),55  ($168922),61.95  ($187124),63  ($201437),56  ($179056),63  ($201980),64  ($213289),69  ($263530),71  ($269161),0.00  ($0.00),0.00  ($0.00),83  ($346065),83  ($385228),71  ($332870),71  ($344161),83  ($402068),86  ($413851),91  ($433861),109  ($382097),76  ($244030),76  ($251327),0.31  ($69),0.31  ($69),0.60  ($114)","Jan 12, 2022,Jan 12, 2022,Jan 12, 2022,Jan 11, 2022,Jan 11, 2022,Jan 10, 2022,Jan 10, 2022,Jan 08, 2022,Jan 08, 2022,Jan 07, 2022,Jan 06, 2022,Jan 04, 2022,Jan 03, 2022,Dec 31, 2021,Dec 31, 2021,Dec 09, 2021,Nov 14, 2021,Nov 10, 2021,Nov 10, 2021,Nov 10, 2021,Nov 08, 2021,Nov 08, 2021,Oct 11, 2021,Aug 24, 2021,Aug 24, 2021,Jul 18, 2017,Jul 18, 2017,Jul 11, 2017"
3,https://www.larvalabs.com/public/images/cryptopunks/punk0548.png,62.5,209.41K,CryptoPunk 548,548,0x231d68,"62.50  ($201999),44.75  ($124267),44.75  ($126225),36.99  ($96679),36.99  ($97543),39.99  ($102347),21.89  ($72581),21.89  ($72581),22.50  ($74604),22.99  ($73376),22.99  ($62770),19  ($49749),22.49  ($57358),19  ($48457),21.99  ($48126),21.50  ($51760),18.90  ($45944),18.90  ($45944),19.48  ($46134),20.40  ($44035),33  ($81503),25  ($51135),17  ($35762),19.99  ($33700),22.99  ($36826),29.49  ($43673),39.99  ($76026)","Jan 12, 2022,Aug 06, 2021,Aug 06, 2021,Aug 05, 2021,Aug 02, 2021,Aug 01, 2021,May 03, 2021,May 03, 2021,May 03, 2021,May 03, 2021,Apr 28, 2021,Apr 28, 2021,Apr 27, 2021,Apr 27, 2021,Apr 24, 2021,Apr 22, 2021,Apr 21, 2021,Apr 21, 2021,Apr 21, 2021,Apr 19, 2021,Apr 15, 2021,Apr 07, 2021,Apr 05, 2021,Mar 27, 2021,Mar 24, 2021,Feb 23, 2021,Feb 18, 2021"
4,https://www.larvalabs.com/public/images/cryptopunks/punk3802.png,63,211.08K,CryptoPunk 3802,3802,bianchiv…,"63  ($211930),67.88  ($259109),71  ($270235),72  ($270450),50  ($204160),66  ($269485),50  ($204454),63.50  ($260521),59.88  ($239109),61  ($243956),77.77  ($306011),90  ($365003),80  ($333644),99.98  ($397339),155  ($665877),133  ($469511),149.89  ($533635),126.66  ($457159),124.12  ($479072),180  ($682675),122.22  ($462912),180.88  ($587160),120.20  ($375531),105.25  ($328824),89.66  ($287986),89  ($288581),90  ($297140),78  ($259718),80.88  ($269634),67.95  ($227759),67.95  ($226174),0.31  ($69),0.31  ($69),0.41  ($93)","Jan 12, 2022,Jan 05, 2022,Jan 03, 2022,Jan 01, 2022,Dec 24, 2021,Dec 24, 2021,Dec 24, 2021,Dec 24, 2021,Dec 22, 2021,Dec 21, 2021,Dec 20, 2021,Dec 10, 2021,Dec 09, 2021,Nov 19, 2021,Oct 29, 2021,Oct 13, 2021,Sep 17, 2021,Sep 16, 2021,Sep 04, 2021,Sep 03, 2021,Sep 02, 2021,Aug 28, 2021,Aug 26, 2021,Aug 26, 2021,Aug 25, 2021,Aug 24, 2021,Aug 24, 2021,Aug 24, 2021,Aug 23, 2021,Aug 23, 2021,Aug 23, 2021,Jul 18, 2017,Jul 18, 2017,Jul 12, 2017"
5,https://www.larvalabs.com/public/images/cryptopunks/punk1915.png,63.5,212.76K,CryptoPunk 1915,1915,0x91338c,"63.50  ($215277),60.95  ($206632),60.95  ($206090),55  ($168922),62.95  ($189231),63  ($201437),56  ($179056),63  ($201980),59  ($201986),59  ($202162),58  ($198735),64  ($231800),68  ($259673),69  ($262716),70  ($262590),0.00  ($0.00),0.00  ($0.00),0.00  ($0.00),0.00  ($0.00),130  ($613162),111  ($376795),111  ($376795),114  ($397614),119  ($411610),144.44  ($509597),93.39  ($339335),93.39  ($330155),99.99  ($391978),118.68  ($462101),110.10  ($357963),110.10  ($356274)","Jan 12, 2022,Jan 12, 2022,Jan 12, 2022,Jan 10, 2022,Jan 08, 2022,Jan 08, 2022,Jan 08, 2022,Jan 07, 2022,Jan 06, 2022,Jan 06, 2022,Jan 06, 2022,Jan 05, 2022,Jan 05, 2022,Jan 03, 2022,Jan 02, 2022,Dec 10, 2021,Dec 10, 2021,Dec 10, 2021,Dec 10, 2021,Dec 01, 2021,Oct 06, 2021,Oct 06, 2021,Oct 06, 2021,Oct 05, 2021,Sep 18, 2021,Sep 16, 2021,Sep 09, 2021,Sep 06, 2021,Sep 04, 2021,Aug 28, 2021,Aug 27, 2021"
6,https://www.larvalabs.com/public/images/cryptopunks/punk7969.png,63.98,214.37K,CryptoPunk 7969,7969,0xad4fa8,"63.98  ($208126),64.98  ($248140),67.49  ($257620),69.49  ($264577),72.51  ($272285),69.42  ($265949),64  ($250128),64  ($254894),62  ($246929),69.42  ($281922),60.98  ($238350),60.98  ($240012),63.97  ($258676),60.02  ($242703),62.99  ($251704),60.02  ($233962),63.99  ($246467),89.99  ($389227),91.99  ($419358),119.99  ($425533),144.99  ($467522),97  ($314662),97  ($311120),25  ($53529),27  ($58264),32  ($53448),32  ($50772),2.75  ($949),2.30  ($796)","Jan 12, 2022,Jan 05, 2022,Jan 05, 2022,Jan 03, 2022,Dec 29, 2021,Dec 28, 2021,Dec 28, 2021,Dec 28, 2021,Dec 28, 2021,Dec 27, 2021,Dec 20, 2021,Dec 18, 2021,Dec 16, 2021,Dec 16, 2021,Dec 15, 2021,Dec 15, 2021,Dec 15, 2021,Nov 23, 2021,Nov 14, 2021,Oct 10, 2021,Aug 28, 2021,Aug 28, 2021,Aug 25, 2021,Apr 11, 2021,Apr 10, 2021,Mar 06, 2021,Feb 25, 2021,Sep 25, 2020,Sep 24, 2020"
7,https://www.larvalabs.com/public/images/cryptopunks/punk2124.png,63.99,214.4K,CryptoPunk 2124,2124,0x51ec89,"58  ($180568),55  ($168922),48  ($152191),48  ($152191),23  ($74710),63.99  ($207177)","Jan 11, 2022,Jan 10, 2022,Jan 10, 2022,Jan 10, 2022,Jan 07, 2022,Jan 07, 2022"
8,https://www.larvalabs.com/public/images/cryptopunks/punk2971.png,64,214.44K,CryptoPunk 2971,2971,0x8b3477,"52  ($168683),52  ($168683),23  ($71504),23  ($72706),64  ($205892),40  ($102428),24.50  ($43730),24.50  ($47869),19.80  ($36543),3.15  ($1114),2  ($678),1.50  ($564),1.50  ($331)","Jan 12, 2022,Jan 12, 2022,Jan 11, 2022,Jan 10, 2022,Jan 07, 2022,Aug 01, 2021,Mar 12, 2021,Feb 21, 2021,Feb 17, 2021,Sep 27, 2020,Sep 23, 2020,Sep 14, 2020,May 29, 2020"
9,https://www.larvalabs.com/public/images/cryptopunks/punk5380.png,64,214.44K,CryptoPunk 5380,5380,laughnco…,"58  ($180568),58  ($186748),64  ($217659),74  ($277604),70  ($281661),150  ($484447),100  ($333500),49.90  ($153529),23.50  ($100200),29.90  ($61515),19.90  ($40752),19.90  ($41134),15.70  ($32452),15.70  ($32361),13  ($25429),14.75  ($28852),13  ($25429),14.75  ($28852),13.50  ($26622),13.50  ($26351),15.50  ($29803),22  ($40403)","Jan 11, 2022,Jan 08, 2022,Jan 06, 2022,Jan 02, 2022,Dec 22, 2021,Aug 30, 2021,Aug 23, 2021,Aug 18, 2021,May 12, 2021,Apr 08, 2021,Apr 08, 2021,Apr 08, 2021,Apr 08, 2021,Apr 08, 2021,Apr 02, 2021,Apr 02, 2021,Apr 02, 2021,Apr 02, 2021,Apr 01, 2021,Apr 01, 2021,Apr 01, 2021,Mar 30, 2021"
10,https://www.larvalabs.com/public/images/cryptopunks/punk3716.png,64.5,216.11K,CryptoPunk 3716,3716,0x51ec89,"52  ($168683),52  ($168683),64.50  ($208370)","Jan 12, 2022,Jan 12, 2022,Jan 11, 2022"
11,https://www.larvalabs.com/public/images/cryptopunks/punk9828.png,64.95,217.62K,CryptoPunk 9828,9828,punksotc…,"64.95  ($219625),67.95  ($239306),68.95  ($262383),69.95  ($266440),71.95  ($266236),69.95  ($270511),71.95  ($292920),59  ($240133),69.95  ($282774),71.95  ($295354),64.80  ($266003),59  ($242270),64.80  ($266086),145  ($461631),185  ($600453),145  ($469142),135  ($436787),135  ($449352),250  ($837160),95  ($309316),85  ($256919),77.77  ($242695),95  ($291149),117  ($328644),58.97  ($165642),58.97  ($165271),43.50  ($113065),43.50  ($113070),54.50  ($146122),3.15  ($745),1.50  ($300),1.50  ($300),1.89  ($403),1.99  ($377),2.99  ($427),1.20  ($172),0.80  ($111),0.80  ($111),0.40  ($109),0.40  ($109),1.20  ($242)","Jan 12, 2022,Jan 06, 2022,Jan 05, 2022,Jan 04, 2022,Jan 01, 2022,Dec 28, 2021,Dec 26, 2021,Dec 25, 2021,Dec 25, 2021,Dec 24, 2021,Dec 24, 2021,Dec 24, 2021,Dec 24, 2021,Aug 30, 2021,Aug 28, 2021,Aug 28, 2021,Aug 28, 2021,Aug 23, 2021,Aug 23, 2021,Aug 21, 2021,Aug 12, 2021,Aug 12, 2021,Aug 07, 2021,Aug 06, 2021,Aug 06, 2021,Aug 05, 2021,Aug 03, 2021,Aug 02, 2021,Aug 01, 2021,Jun 14, 2020,May 15, 2020,May 15, 2020,Apr 29, 2020,Apr 23, 2020,Jan 13, 2020,Jan 13, 2020,Jan 06, 2020,Jan 05, 2020,Jun 20, 2019,Jun 20, 2019,Jul 31, 2017"
12,https://www.larvalabs.com/public/images/cryptopunks/punk5790.png,64.99,217.75K,CryptoPunk 5790,5790,0x74be0a,"64.99  ($219760),74.99  ($305203),69.99  ($287159),57.70  ($230221),57.70  ($229691),61  ($237832),64  ($258919),67  ($256822),84  ($341468)","Jan 12, 2022,Dec 26, 2021,Dec 24, 2021,Dec 19, 2021,Dec 19, 2021,Dec 17, 2021,Dec 16, 2021,Dec 13, 2021,Dec 13, 2021"
13,https://www.larvalabs.com/public/images/cryptopunks/punk1139.png,65,217.79K,CryptoPunk 1139,1139,emilysno…,"65  ($217350),77  ($257266),99.88  ($426936),97  ($414626),97  ($422063),99.88  ($432004),101.99  ($440448),101.99  ($449598),105  ($453909),120  ($503458),135  ($558756),200  ($717660),97  ($348065),97  ($336230),97  ($286164),50.80  ($148739),50.80  ($153373),52.40  ($156979),72  ($224605),52.40  ($163400),61  ($177529),72  ($210236),123  ($339772),90  ($253860),50  ($141033),50  ($139807)","Jan 13, 2022,Jan 13, 2022,Nov 24, 2021,Nov 24, 2021,Nov 23, 2021,Nov 23, 2021,Oct 30, 2021,Oct 29, 2021,Oct 29, 2021,Oct 25, 2021,Oct 25, 2021,Sep 16, 2021,Sep 16, 2021,Sep 15, 2021,Aug 09, 2021,Aug 09, 2021,Aug 09, 2021,Aug 08, 2021,Aug 08, 2021,Aug 08, 2021,Aug 06, 2021,Aug 06, 2021,Aug 06, 2021,Aug 06, 2021,Aug 06, 2021,Aug 05, 2021"
14,https://www.larvalabs.com/public/images/cryptopunks/punk9713.png,65,217.79K,CryptoPunk 9713,9713,0xaab694,"65  ($219128),127  ($490455),260  ($830029),78.99  ($263333),78.99  ($250146),99.99  ($262811),49.99  ($125387),35.99  ($87881),24.99  ($53482),25.99  ($66119),18.95  ($29014),18.95  ($28780),32.45  ($52804),17.79  ($33756),1.20  ($465),1.20  ($465)","Jan 12, 2022,Oct 16, 2021,Aug 29, 2021,Aug 23, 2021,Aug 22, 2021,Aug 04, 2021,Aug 03, 2021,Jul 30, 2021,Jul 11, 2021,Apr 22, 2021,Mar 05, 2021,Mar 05, 2021,Feb 23, 2021,Feb 18, 2021,Sep 13, 2020,Sep 13, 2020"
15,https://www.larvalabs.com/public/images/cryptopunks/punk3836.png,65.95,220.97K,CryptoPunk 3836,3836,punksotc…,"65.95  ($223007),67.95  ($214797),60  ($190561),60  ($190561),75  ($284325),152  ($493225),152  ($493345),147  ($477163),122  ($396013),122  ($396652),100  ($332853),80  ($246110),5.50  ($16152),55  ($161521),5.50  ($16146),55  ($160597),65  ($181171),24  ($37266),24  ($32301)","Jan 12, 2022,Jan 10, 2022,Jan 10, 2022,Jan 10, 2022,Jan 03, 2022,Aug 28, 2021,Aug 28, 2021,Aug 28, 2021,Aug 28, 2021,Aug 28, 2021,Aug 23, 2021,Aug 07, 2021,Aug 06, 2021,Aug 06, 2021,Aug 06, 2021,Aug 06, 2021,Aug 06, 2021,Mar 02, 2021,Feb 28, 2021"
16,https://www.larvalabs.com/public/images/cryptopunks/punk0983.png,66,221.14K,CryptoPunk 983,983,bonehead…,"60  ($186734),66  ($208897),165  ($756343),150  ($717038),250  ($857513),165  ($477234),135  ($521444),110  ($434950),125  ($443142),135  ($464277),150  ($512574),155  ($494825),175  ($558673),250  ($809878),148  ($480704),148  ($480362)","Jan 11, 2022,Jan 07, 2022,Nov 14, 2021,Nov 09, 2021,Oct 02, 2021,Sep 26, 2021,Sep 05, 2021,Sep 03, 2021,Sep 01, 2021,Sep 01, 2021,Aug 31, 2021,Aug 29, 2021,Aug 29, 2021,Aug 28, 2021,Aug 28, 2021,Aug 28, 2021"
17,https://www.larvalabs.com/public/images/cryptopunks/punk9103.png,66.2,221.81K,CryptoPunk 9103,9103,breakfre…,"62  ($209576),62  ($200294),66.20  ($251918),60  ($240229),60  ($244089),55  ($223494),57.50  ($232097),57.50  ($233953),62  ($252262),106  ($397389),106  ($397389),149.50  ($460562),99.90  ($362211),99.90  ($349475),95  ($370433),95  ($367882),105  ($390658),126  ($398820),125  ($395655),142.90  ($457540),147.90  ($472150),169.69  ($547167),147.90  ($477260),150  ($486842),133.33  ($432515),105  ($339771),115  ($372335),130  ($433610),69.69  ($204291),100  ($280892),60  ($151897),45  ($113923),41  ($103796),37.90  ($100713),37.90  ($147251),21.50  ($46101),20.25  ($43421),21.50  ($46101),20.25  ($41967),20  ($32618),20  ($31022),24  ($35891),14.50  ($27838)","Jan 12, 2022,Jan 11, 2022,Jan 05, 2022,Dec 16, 2021,Dec 16, 2021,Dec 16, 2021,Dec 16, 2021,Dec 15, 2021,Dec 15, 2021,Oct 19, 2021,Oct 19, 2021,Sep 23, 2021,Sep 16, 2021,Sep 09, 2021,Sep 05, 2021,Sep 05, 2021,Sep 01, 2021,Aug 30, 2021,Aug 30, 2021,Aug 29, 2021,Aug 29, 2021,Aug 28, 2021,Aug 28, 2021,Aug 28, 2021,Aug 28, 2021,Aug 27, 2021,Aug 27, 2021,Aug 24, 2021,Aug 09, 2021,Aug 06, 2021,Aug 03, 2021,Aug 03, 2021,Aug 03, 2021,Aug 01, 2021,May 14, 2021,Apr 10, 2021,Apr 10, 2021,Apr 10, 2021,Apr 09, 2021,Mar 03, 2021,Mar 03, 2021,Feb 26, 2021,Feb 19, 2021"
18,https://www.larvalabs.com/public/images/cryptopunks/punk5358.png,66.66,223.35K,CryptoPunk 5358,5358,0xc480fb,"60.02  ($202883),60  ($186734),66.66  ($212479),72.72  ($276498),0.06  ($155),0.06  ($156),0  ($18)","Jan 12, 2022,Jan 11, 2022,Jan 07, 2022,Jan 02, 2022,Aug 02, 2021,Aug 01, 2021,Mar 21, 2021"
19,https://www.larvalabs.com/public/images/cryptopunks/punk7484.png,66.69,223.45K,CryptoPunk 7484,7484,0x422fac,"60  ($186734),66.69  ($211809),75  ($306233),88.88  ($369180),125  ($588246),180.08  ($591549),139.99  ($443004),159.99  ($519196),150.80  ($487542),99.99  ($333812),80.08  ($222055),50  ($122965),40  ($85539),40  ($61576),33  ($58845),34.56  ($67736),30  ($52531),6.94  ($2484),6.94  ($1635),4.34  ($1176),0.90  ($244),0.90  ($253),1.10  ($295),1.35  ($312),1.75  ($391),5  ($718),1.95  ($274),1.40  ($198),0.78  ($107),0.78  ($106),0.95  ($127),0.50  ($134),0.50  ($134)","Jan 11, 2022,Jan 10, 2022,Dec 24, 2021,Dec 10, 2021,Nov 10, 2021,Oct 02, 2021,Aug 30, 2021,Aug 28, 2021,Aug 26, 2021,Aug 24, 2021,Aug 06, 2021,Jul 31, 2021,Jul 09, 2021,Feb 23, 2021,Feb 22, 2021,Feb 21, 2021,Feb 16, 2021,Sep 28, 2020,Jun 01, 2020,Feb 16, 2020,Feb 16, 2020,Feb 15, 2020,Feb 13, 2020,Feb 11, 2020,Feb 11, 2020,Jan 12, 2020,Jan 07, 2020,Jan 06, 2020,Jan 05, 2020,Jan 05, 2020,Jan 04, 2020,Jul 13, 2019,Jul 13, 2019"
20,https://www.larvalabs.com/public/images/cryptopunks/punk0197.png,66.69,223.45K,CryptoPunk 197,197,0xa438dd,"66.69  ($254875),67.69  ($256886),68.99  ($266453),65  ($242430),65  ($242430),68.69  ($251702),64  ($234516),64  ($234516),64  ($231750),65  ($244084),63  ($236574),66  ($248206),63  ($237804),66.50  ($251016),71  ($276904),79  ($341311),69.50  ($284385),69.50  ($284385),69.95  ($286730),67  ($274638),70.95  ($310975),72.95  ($332783),73.95  ($333821),70  ($315990),70  ($315990),113.95  ($411579),116.90  ($421297)","Jan 04, 2022,Jan 04, 2022,Jan 04, 2022,Dec 30, 2021,Dec 30, 2021,Dec 30, 2021,Dec 30, 2021,Dec 30, 2021,Dec 30, 2021,Dec 29, 2021,Dec 29, 2021,Dec 29, 2021,Dec 29, 2021,Dec 29, 2021,Dec 17, 2021,Dec 07, 2021,Dec 04, 2021,Dec 04, 2021,Dec 04, 2021,Dec 04, 2021,Dec 03, 2021,Dec 03, 2021,Dec 03, 2021,Dec 03, 2021,Dec 03, 2021,Oct 08, 2021,Oct 07, 2021"
21,https://www.larvalabs.com/public/images/cryptopunks/punk7877.png,67.49,226.13K,CryptoPunk 7877,7877,0x0a64d0,"67.49  ($209486),68.63  ($217601),61  ($192507),61  ($191367),70  ($219269),90  ($281009),87.95  ($392637),87.95  ($382672),83  ($361135),83  ($361135),88  ($370214),92  ($394788),95  ($398022),100  ($460793),120  ($566416),200  ($881244),1K  ($3.77M),150  ($568817),339  ($1.28M),1.5K  ($4.71M),72  ($240607),72  ($208822),41.50  ($104290),41.50  ($104865),42.99  ($106903),38  ($94494),45.99  ($114355),54.99  ($137967),60.69  ($154389),42.50  ($110466),44  ($111965),48.50  ($128881),45  ($109998),39.99  ($98347),29.99  ($73834),29.99  ($123530),29.99  ($81554),7.50  ($12755),7.50  ($12763)","Jan 11, 2022,Jan 10, 2022,Jan 10, 2022,Jan 09, 2022,Jan 09, 2022,Jan 09, 2022,Nov 25, 2021,Nov 24, 2021,Nov 24, 2021,Nov 24, 2021,Nov 23, 2021,Nov 22, 2021,Nov 17, 2021,Nov 14, 2021,Nov 08, 2021,Oct 30, 2021,Sep 02, 2021,Sep 02, 2021,Sep 02, 2021,Aug 27, 2021,Aug 23, 2021,Aug 06, 2021,Aug 04, 2021,Aug 04, 2021,Aug 03, 2021,Aug 03, 2021,Aug 03, 2021,Aug 03, 2021,Aug 03, 2021,Aug 03, 2021,Aug 02, 2021,Aug 01, 2021,Jul 31, 2021,Jul 31, 2021,Jul 31, 2021,May 10, 2021,Apr 28, 2021,Feb 06, 2021,Feb 06, 2021"
22,https://www.larvalabs.com/public/images/cryptopunks/punk3218.png,67.69,226.8K,CryptoPunk 3218,3218,0x224f17,"67.69  ($258384),23.99  ($57064),23.99  ($56690),21.99  ($52377),18  ($42874),17  ($40425),17  ($40425),16.50  ($38266),14.50  ($30534),18  ($37873),14.50  ($30509),17  ($34797),17.39  ($36588),17.49  ($37177),16  ($34010),16  ($35945),15.50  ($34822),<0.01  ($<0.01),15.50  ($36547),17.25  ($45536),17.75  ($46178),14.90  ($40336),14.90  ($40336),16.60  ($46352),20.99  ($49229),31.55  ($85409),21.50  ($49289),21.50  ($45771),21.40  ($44167),21.40  ($41298),23  ($41956),23  ($41562),25.25  ($38564),0.15  ($15),0.15  ($31)","Jan 05, 2022,Jul 30, 2021,Jul 26, 2021,Jul 07, 2021,Jul 07, 2021,Jul 07, 2021,Jul 07, 2021,Jul 04, 2021,Jul 02, 2021,Jul 02, 2021,Jul 02, 2021,Jul 02, 2021,Jul 01, 2021,Jun 28, 2021,Jun 28, 2021,Jun 20, 2021,Jun 20, 2021,Jun 12, 2021,Jun 08, 2021,Jun 01, 2021,May 31, 2021,May 28, 2021,May 28, 2021,May 27, 2021,May 22, 2021,Apr 28, 2021,Apr 14, 2021,Apr 11, 2021,Apr 08, 2021,Apr 01, 2021,Mar 19, 2021,Mar 19, 2021,Mar 06, 2021,Dec 05, 2018,Oct 28, 2018"
23,https://www.larvalabs.com/public/images/cryptopunks/punk7044.png,67.76,227.03K,CryptoPunk 7044,7044,0xcc7c33,"67.76  ($226615),65  ($244678),65  ($244930),1  ($3768),73.73  ($277214),82.69  ($337930),89.69  ($368515)","Jan 07, 2022,Jan 02, 2022,Jan 02, 2022,Jan 02, 2022,Jan 01, 2022,Dec 27, 2021,Dec 26, 2021"
24,https://www.larvalabs.com/public/images/cryptopunks/punk3080.png,67.95,227.67K,CryptoPunk 3080,3080,vault.pu…,"67.95  ($228356),60  ($202816),60  ($202816),2.80  ($3358),4.60  ($5826),2.80  ($3666),4.60  ($5431),3  ($1868),4  ($2491),3  ($1842),3.03  ($1861),3.03  ($1861),4  ($1770),4.75  ($2102),9.50  ($3396),5  ($1825),5  ($1727),2.79  ($938),2.79  ($916),2.19  ($717),1.80  ($613),0.50  ($88),0.37  ($122)","Jan 12, 2022,Jan 12, 2022,Jan 12, 2022,Jan 10, 2021,Jan 10, 2021,Jan 10, 2021,Jan 08, 2021,Dec 23, 2020,Dec 23, 2020,Dec 22, 2020,Dec 22, 2020,Dec 22, 2020,Nov 06, 2020,Nov 06, 2020,Sep 30, 2020,Sep 28, 2020,Sep 24, 2020,Sep 24, 2020,Sep 24, 2020,Sep 24, 2020,Sep 22, 2020,Apr 07, 2019,Aug 25, 2017"
25,https://www.larvalabs.com/public/images/cryptopunks/punk1454.png,67.95,227.67K,CryptoPunk 1454,1454,vault.pu…,"67.95  ($229770),68.95  ($241235),71.95  ($274058),72.95  ($269936),69  ($255320),69  ($262920),65  ($210701),99  ($308714),52  ($144357),56.90  ($157779),52  ($144373),56.90  ($157978),63.90  ($177144),58.69  ($162124),50  ($138846),50  ($134501),47  ($127536),45  ($121031),41.50  ($104290),35.95  ($94124),38.90  ($100406),38.90  ($100406),34  ($89150),34  ($89150),35.99  ($94368),37  ($94898),32  ($81616),32  ($69061),29  ($75146),32  ($126506),34  ($63114),25  ($38429),25  ($38429),26.50  ($35665),9.50  ($17277),9.50  ($17469)","Jan 12, 2022,Jan 06, 2022,Jan 04, 2022,Jan 01, 2022,Jan 01, 2022,Dec 29, 2021,Aug 14, 2021,Aug 08, 2021,Aug 06, 2021,Aug 06, 2021,Aug 06, 2021,Aug 06, 2021,Aug 06, 2021,Aug 06, 2021,Aug 06, 2021,Aug 05, 2021,Aug 04, 2021,Aug 04, 2021,Aug 04, 2021,Aug 02, 2021,Aug 01, 2021,Aug 01, 2021,Aug 01, 2021,Aug 01, 2021,Aug 01, 2021,Aug 01, 2021,Aug 01, 2021,Jul 25, 2021,May 24, 2021,May 15, 2021,Mar 14, 2021,Mar 01, 2021,Mar 01, 2021,Feb 28, 2021,Feb 14, 2021,Feb 14, 2021"
26,https://www.larvalabs.com/public/images/cryptopunks/punk6608.png,68,227.84K,CryptoPunk 6608,6608,0x392b96,"68  ($207904),80  ($274901),100  ($411724),100  ($407237),400  ($1.29M),1.50  ($573),1.50  ($582),1.25  ($286),1.50  ($343),1.25  ($290),1.99  ($447),1.30  ($295),1.30  ($305),2.49  ($583),2.99  ($610),0.50  ($103),2.49  ($524),0.50  ($95),1.45  ($276),1.49  ($292),2  ($433),0.40  ($118),0.40  ($118)","Jan 10, 2022,Jan 06, 2022,Oct 20, 2021,Oct 20, 2021,Aug 28, 2021,Aug 27, 2020,Aug 26, 2020,Jul 02, 2020,Jul 02, 2020,Jul 02, 2020,Jun 30, 2020,Jun 30, 2020,Jun 22, 2020,Jun 22, 2020,May 26, 2020,May 24, 2020,May 20, 2020,May 12, 2020,May 10, 2020,Apr 28, 2020,Aug 11, 2019,Jun 21, 2019,Jun 21, 2019"
27,https://www.larvalabs.com/public/images/cryptopunks/punk2150.png,68,227.84K,CryptoPunk 2150,2150,0x6611fe,"68  ($205731),22.67  ($41185),22.67  ($41101),12  ($20515),12  ($21710)","Jan 10, 2022,Mar 18, 2021,Mar 17, 2021,Feb 15, 2021,Feb 14, 2021"
28,https://www.larvalabs.com/public/images/cryptopunks/punk8762.png,68.5,229.51K,CryptoPunk 8762,8762,0x2cefb2,"61  ($206196),61  ($197374),68.50  ($209542),197  ($694545),15.94  ($27698),15.94  ($29255),14.99  ($29537),13.75  ($27565),13.50  ($27064),13.50  ($27040),13  ($26038),13.75  ($26246),13  ($23145),13.50  ($24035),13.50  ($26561),12  ($22508),14.25  ($26728),17  ($41377)","Jan 12, 2022,Jan 12, 2022,Jan 10, 2022,Oct 05, 2021,Jun 26, 2021,Jun 25, 2021,Jun 23, 2021,Jun 23, 2021,Jun 23, 2021,Jun 23, 2021,Jun 23, 2021,Jun 22, 2021,Jun 22, 2021,Jun 22, 2021,Jun 22, 2021,Jun 22, 2021,Jun 22, 2021,Jun 11, 2021"
29,https://www.larvalabs.com/public/images/cryptopunks/punk7271.png,68.95,231.02K,CryptoPunk 7271,7271,punksotc…,"68.95  ($208268),60  ($183913),60  ($183913),65  ($195098),21.25  ($45544),18.75  ($41717),18.75  ($41717),15  ($34228),15  ($35429),21.25  ($40543),24  ($91468),24.50  ($85374),26.50  ($89477),27.50  ($79056),31  ($66664),34.98  ($62141),25.80  ($46628),25.80  ($46590),28.70  ($53088),32.70  ($59083),22  ($33735),22  ($32937),22  ($31983),22  ($32377),25  ($36792),4.55  ($6290),4.75  ($4915),4.75  ($5181),4.55  ($5487),4.97  ($5850),5.55  ($6668),4.55  ($5428),10  ($3370)","Jan 10, 2022,Jan 10, 2022,Jan 10, 2022,Jan 10, 2022,Jul 11, 2021,Jul 05, 2021,Jul 05, 2021,Jul 05, 2021,Jul 04, 2021,Jun 22, 2021,May 08, 2021,May 06, 2021,May 04, 2021,May 01, 2021,Apr 11, 2021,Mar 16, 2021,Mar 12, 2021,Mar 11, 2021,Mar 10, 2021,Mar 10, 2021,Mar 05, 2021,Mar 05, 2021,Mar 05, 2021,Mar 05, 2021,Mar 05, 2021,Jan 30, 2021,Jan 11, 2021,Jan 11, 2021,Jan 09, 2021,Jan 08, 2021,Jan 07, 2021,Jan 07, 2021,Sep 23, 2020"
30,https://www.larvalabs.com/public/images/cryptopunks/punk9247.png,68.95,231.02K,CryptoPunk 9247,9247,vault.pu…,"68.95  ($233151),69.95  ($246349),62.90  ($235002),62.90  ($235002),19  ($34661),19.50  ($35573),19.50  ($35573),19  ($34642),19.75  ($36243),19.99  ($36393),20.50  ($37569),20.99  ($37019),21.50  ($37478),19  ($33120),22  ($38401),19  ($33067),23  ($38051),26  ($41369),55  ($82150),15  ($29040),30  ($58080),15  ($29161),0.05  ($14),0.05  ($13)","Jan 12, 2022,Jan 06, 2022,Jan 05, 2022,Jan 05, 2022,Mar 09, 2021,Mar 09, 2021,Mar 09, 2021,Mar 09, 2021,Mar 09, 2021,Mar 09, 2021,Mar 09, 2021,Mar 08, 2021,Mar 08, 2021,Mar 08, 2021,Mar 08, 2021,Mar 08, 2021,Mar 07, 2021,Mar 03, 2021,Feb 27, 2021,Feb 18, 2021,Feb 18, 2021,Feb 18, 2021,Jun 30, 2017,Jun 26, 2017"
31,https://www.larvalabs.com/public/images/cryptopunks/punk9967.png,69,231.19K,CryptoPunk 9967,9967,0x794098,"69  ($262821),74  ($280832),86  ($373441),60  ($247573),60  ($254260),69.42  ($286562),89  ($400620),96  ($423532),69  ($228151),69  ($231278),67.67  ($226137),67.67  ($226137),65.65  ($219387),65.65  ($219387),68.68  ($229512),67.67  ($226137),68.68  ($229512),69.69  ($232887),53.50  ($174194),55  ($175857),50  ($156456),50  ($157315),58  ($182358),60  ($162217),40  ($98340),35  ($85280),30  ($69821),24.50  ($61081)","Jan 04, 2022,Jan 04, 2022,Dec 06, 2021,Dec 06, 2021,Dec 04, 2021,Dec 03, 2021,Dec 02, 2021,Nov 30, 2021,Aug 23, 2021,Aug 23, 2021,Aug 23, 2021,Aug 23, 2021,Aug 23, 2021,Aug 23, 2021,Aug 23, 2021,Aug 23, 2021,Aug 23, 2021,Aug 23, 2021,Aug 21, 2021,Aug 20, 2021,Aug 10, 2021,Aug 08, 2021,Aug 08, 2021,Aug 04, 2021,Jul 31, 2021,Jul 31, 2021,Jul 28, 2021,Jun 14, 2021"
32,https://www.larvalabs.com/public/images/cryptopunks/punk4162.png,69,231.19K,CryptoPunk 4162,4162,0x030d7a,"69  ($226299),85  ($381697),69  ($230581),69  ($209814),22  ($83846),22  ($76302),24  ($80807),4  ($1401),2  ($753),1.40  ($531),1.40  ($310)","Jan 12, 2022,Dec 02, 2021,Aug 23, 2021,Aug 08, 2021,May 08, 2021,May 05, 2021,May 05, 2021,Oct 09, 2020,Sep 15, 2020,Sep 13, 2020,May 29, 2020"
33,https://www.larvalabs.com/public/images/cryptopunks/punk2521.png,69.25,232.03K,CryptoPunk 2521,2521,0x821372,"64  ($236532),64  ($242624),69.25  ($263915),69.60  ($285455),72.69  ($294884),77.70  ($316021),108  ($430815),109.69  ($429105),44  ($133280),44  ($139043),22  ($64849)","Jan 03, 2022,Jan 03, 2022,Jan 02, 2022,Dec 26, 2021,Dec 25, 2021,Dec 24, 2021,Oct 28, 2021,Sep 06, 2021,Aug 18, 2021,Aug 17, 2021,May 02, 2021"
34,https://www.larvalabs.com/public/images/cryptopunks/punk0749.png,69.5,232.86K,CryptoPunk 749,749,0x785bc2,"62.50  ($241590),62.50  ($235267),62  ($233625),61  ($229857),69.50  ($280455),73.42  ($313774),8.44  ($37390),8.44  ($36774),84.42  ($340202),175  ($567996),50.49  ($146241),53.75  ($148822),45  ($127172),45  ($158108),29.99  ($54767),29.99  ($57015)","Jan 04, 2022,Jan 02, 2022,Jan 02, 2022,Jan 02, 2022,Dec 12, 2021,Dec 08, 2021,Nov 30, 2021,Nov 30, 2021,Nov 28, 2021,Aug 28, 2021,Aug 06, 2021,Aug 06, 2021,Aug 05, 2021,May 05, 2021,Mar 11, 2021,Feb 18, 2021"
35,https://www.larvalabs.com/public/images/cryptopunks/punk6620.png,69.69,233.5K,CryptoPunk 6620,6620,0x023ef7,"69.69  ($234435),79.99  ($334790),148.99  ($481983),129.98  ($377042),101.50  ($363716),90  ($297643),90  ($298575),101.50  ($347836),120.90  ($426180),142.87  ($453357),98.90  ($331580),98.90  ($326523),61.49  ($204971),61.49  ($193644),59.58  ($190036),62.90  ($200625),66.49  ($216506),69  ($223760),62.90  ($206255),68.90  ($223532),57.90  ($189233),59  ($192828),68.68  ($217085),53.99  ($164905),55.90  ($174992),56  ($180899),59  ($191689),66.20  ($199396),55.98  ($170966),55.98  ($171599),68.52  ($209287),66.85  ($183564),168.99  ($326832),24.99  ($52517),24.99  ($56326),18  ($37173),20.99  ($43348),18  ($35548),16  ($36024),16  ($36670),19.98  ($56630),16  ($45678),16.69  ($45053),16.69  ($45053),16  ($43055),17.99  ($47107),21.90  ($57877),27  ($68990),7.39  ($5106),7.39  ($4683),7.49  ($3421),7.79  ($3201),8.89  ($3243),9.55  ($3568),9.79  ($3594),5.50  ($1941),5.50  ($1940),5  ($1768),2  ($474),2  ($441),0.10  ($60),0.10  ($57)","Jan 12, 2022,Dec 09, 2021,Oct 01, 2021,Sep 24, 2021,Sep 16, 2021,Sep 12, 2021,Sep 12, 2021,Sep 08, 2021,Sep 01, 2021,Aug 30, 2021,Aug 24, 2021,Aug 24, 2021,Aug 23, 2021,Aug 22, 2021,Aug 22, 2021,Aug 22, 2021,Aug 22, 2021,Aug 21, 2021,Aug 21, 2021,Aug 21, 2021,Aug 20, 2021,Aug 20, 2021,Aug 19, 2021,Aug 17, 2021,Aug 15, 2021,Aug 14, 2021,Aug 13, 2021,Aug 12, 2021,Aug 12, 2021,Aug 12, 2021,Aug 08, 2021,Aug 06, 2021,Jul 13, 2021,Jul 12, 2021,Jul 01, 2021,Jun 28, 2021,Jun 28, 2021,Jun 28, 2021,Jun 20, 2021,Jun 18, 2021,Jun 03, 2021,Jun 03, 2021,Jun 03, 2021,Jun 03, 2021,Jun 02, 2021,Jun 02, 2021,May 31, 2021,May 29, 2021,Dec 29, 2020,Dec 20, 2020,Nov 14, 2020,Oct 24, 2020,Oct 16, 2020,Oct 11, 2020,Oct 10, 2020,Oct 05, 2020,Oct 04, 2020,Oct 04, 2020,May 30, 2020,May 29, 2020,Jun 08, 2018,May 29, 2018"
36,https://www.larvalabs.com/public/images/cryptopunks/punk5231.png,69.95,234.37K,CryptoPunk 5231,5231,markydao…,"69.95  ($235077),71.69  ($232555),72.95  ($224641),74.94  ($236385),76.54  ($243895),77.77  ($272844),79.94  ($304339),82.69  ($311480),84.69  ($318797),88.69  ($330665),89.98  ($333797),96.69  ($359823),88.88  ($366941),80.69  ($331232),62.69  ($257229),73.69  ($303424),70.69  ($279591),67.69  ($269418),62.69  ($254852),69.69  ($281014),70  ($281952),71.69  ($272097),61  ($236656),61  ($241445),72.99  ($288743),74.95  ($295111),76.69  ($297025),77.77  ($314249),79.95  ($324816),82.95  ($333318),86.69  ($328201),88.88  ($336590),79.95  ($303516),81.99  ($310877),83.99  ($334753),89.99  ($365818),87.99  ($351605),88.88  ($370678),89.99  ($369388),93.99  ($388881),94.69  ($395225),99.99  ($406144),108.95  ($449552),114.69  ($476575),119.95  ($490180),155  ($644802),4.99  ($14020),4.99  ($14020),4.99  ($6412),4.99  ($6290),0.24  ($65),0.24  ($65)","Jan 12, 2022,Jan 12, 2022,Jan 11, 2022,Jan 10, 2022,Jan 07, 2022,Jan 05, 2022,Jan 05, 2022,Jan 03, 2022,Jan 02, 2022,Jan 01, 2022,Jan 01, 2022,Dec 29, 2021,Dec 25, 2021,Dec 24, 2021,Dec 24, 2021,Dec 23, 2021,Dec 23, 2021,Dec 22, 2021,Dec 22, 2021,Dec 21, 2021,Dec 21, 2021,Dec 20, 2021,Dec 20, 2021,Dec 19, 2021,Dec 18, 2021,Dec 18, 2021,Dec 17, 2021,Dec 16, 2021,Dec 16, 2021,Dec 16, 2021,Dec 15, 2021,Dec 14, 2021,Dec 13, 2021,Dec 13, 2021,Dec 13, 2021,Dec 13, 2021,Dec 10, 2021,Dec 09, 2021,Dec 09, 2021,Dec 09, 2021,Dec 06, 2021,Dec 06, 2021,Dec 06, 2021,Dec 05, 2021,Dec 05, 2021,Nov 27, 2021,Aug 05, 2021,Aug 05, 2021,Jan 27, 2021,Jan 27, 2021,Jul 03, 2017,Jul 03, 2017"
37,https://www.larvalabs.com/public/images/cryptopunks/punk2498.png,69.95,234.37K,CryptoPunk 2498,2498,vault.pu…,"69.95  ($213977),74.95  ($284921),77.95  ($290623),74.95  ($280546),72.95  ($275636),66  ($269017),74.95  ($305040),71.95  ($290938),69.69  ($284974),66  ($267666),69.95  ($282774),72.95  ($297214),69.95  ($287144),67.95  ($277454),63.49  ($260510),63.49  ($260512),60.99  ($251019),57  ($234131),57  ($233854),56.22  ($231490),55  ($226467),54.50  ($224408),53.50  ($219711),53.30  ($210926),53.30  ($212062),58.94  ($234592),52.50  ($208963),52.50  ($208963),52  ($206969),51  ($202997),50  ($199009),70  ($284569),96.30  ($414294),140  ($651584),166.66  ($782550),300  ($1.02M)","Jan 10, 2022,Jan 05, 2022,Jan 01, 2022,Dec 30, 2021,Dec 28, 2021,Dec 27, 2021,Dec 26, 2021,Dec 26, 2021,Dec 25, 2021,Dec 25, 2021,Dec 25, 2021,Dec 24, 2021,Dec 24, 2021,Dec 24, 2021,Dec 24, 2021,Dec 24, 2021,Dec 24, 2021,Dec 24, 2021,Dec 23, 2021,Dec 23, 2021,Dec 23, 2021,Dec 23, 2021,Dec 23, 2021,Dec 23, 2021,Dec 22, 2021,Dec 22, 2021,Dec 22, 2021,Dec 22, 2021,Dec 22, 2021,Dec 22, 2021,Dec 22, 2021,Dec 22, 2021,Dec 09, 2021,Nov 30, 2021,Nov 11, 2021,Oct 03, 2021"
38,https://www.larvalabs.com/public/images/cryptopunks/punk1281.png,69.95,234.37K,CryptoPunk 1281,1281,vault.pu…,"69.95  ($213977),74.95  ($284921),77.95  ($290623),74.95  ($280546),72.95  ($275636),74.95  ($305040),71.95  ($290938),69.95  ($282774),72.95  ($297214),69.95  ($287144),67.95  ($278810),64.95  ($266502),63.95  ($262626),59.95  ($238612),52  ($206969),52  ($208590),70  ($281286),80  ($317342),90  ($387191),120  ($553408),<0.01  ($5),136  ($549135)","Jan 10, 2022,Jan 05, 2022,Jan 01, 2022,Dec 30, 2021,Dec 28, 2021,Dec 26, 2021,Dec 26, 2021,Dec 25, 2021,Dec 24, 2021,Dec 24, 2021,Dec 24, 2021,Dec 24, 2021,Dec 23, 2021,Dec 22, 2021,Dec 22, 2021,Dec 22, 2021,Dec 22, 2021,Dec 17, 2021,Dec 09, 2021,Nov 30, 2021,Nov 05, 2021,Oct 23, 2021"
39,https://www.larvalabs.com/public/images/cryptopunks/punk2376.png,69.95,234.37K,CryptoPunk 2376,2376,punksotc…,"69.95  ($244734),72.95  ($277867),69  ($258024),69  ($261579),73.95  ($280625),67  ($254252),67  ($255299),88  ($393310),19.50  ($49669),16.97  ($60695),16.97  ($60695),16  ($57226),16  ($60646),17.40  ($66636),19.20  ($71728),27  ($109140),<0.01  ($<0.01),0.10  ($19),0.10  ($43)","Jan 06, 2022,Jan 04, 2022,Jan 04, 2022,Jan 03, 2022,Dec 29, 2021,Dec 29, 2021,Dec 29, 2021,Nov 30, 2021,Jun 08, 2021,May 16, 2021,May 16, 2021,May 16, 2021,May 16, 2021,May 16, 2021,May 15, 2021,May 15, 2021,Dec 17, 2020,Sep 11, 2018,Jul 31, 2018"
40,https://www.larvalabs.com/public/images/cryptopunks/punk4560.png,70,234.54K,CryptoPunk 4560,4560,doh.eth,"70  ($221327),68  ($215003),72  ($226084),68  ($232105),72  ($261112),121  ($456319),31.70  ($46222),33.20  ($49014),44.20  ($71557),48.80  ($72065),51.40  ($79010),54.20  ($81411),59.80  ($90145)","Jan 10, 2022,Jan 10, 2022,Jan 07, 2022,Jan 06, 2022,Jan 05, 2022,Jan 04, 2022,Mar 05, 2021,Mar 05, 2021,Mar 03, 2021,Mar 02, 2021,Mar 01, 2021,Feb 27, 2021,Feb 26, 2021"
41,https://www.larvalabs.com/public/images/cryptopunks/punk4151.png,70,234.54K,CryptoPunk 4151,4151,0x752f4a,"70  ($266095),80  ($294005),115  ($487022),115  ($488968),140  ($481193),101  ($326888),101  ($301920),125  ($389995),150  ($467134),250  ($828650),25  ($82230),55  ($181255),25  ($81800),15  ($49073),15  ($47412),55  ($168560),80  ($138761),24  ($8762),7  ($1621),3.50  ($621),1  ($544),1  ($544),0.50  ($305)","Jan 04, 2022,Dec 30, 2021,Nov 18, 2021,Nov 18, 2021,Oct 05, 2021,Oct 01, 2021,Sep 30, 2021,Sep 23, 2021,Sep 20, 2021,Aug 24, 2021,Aug 21, 2021,Aug 21, 2021,Aug 21, 2021,Aug 21, 2021,Aug 19, 2021,Aug 07, 2021,Feb 22, 2021,Sep 28, 2020,Jul 01, 2020,Nov 18, 2018,Mar 23, 2018,Mar 23, 2018,Mar 15, 2018"
42,https://www.larvalabs.com/public/images/cryptopunks/punk6718.png,70,234.54K,CryptoPunk 6718,6718,yfimaxi.…,"55  ($178414),70  ($263695),158.88  ($507212),22.49  ($46487),22.49  ($36919),20  ($32695),20  ($31810),0.10  ($47),0.10  ($41)","Jan 12, 2022,Jan 03, 2022,Aug 29, 2021,Apr 08, 2021,Mar 26, 2021,Mar 26, 2021,Mar 25, 2021,Dec 04, 2017,Nov 23, 2017"
43,https://www.larvalabs.com/public/images/cryptopunks/punk5840.png,71,237.89K,CryptoPunk 5840,5840,0x1583b0,"71  ($265845),54  ($216136),54  ($216136),52  ($208590),57  ($229793),53  ($213715),53  ($211477),50.05  ($199707),62  ($248859),69  ($264656),89  ($390146),122  ($555715),180  ($609970),50  ($153269),50  ($159147),52  ($164590),40  ($115949),50.69  ($147016),50.69  ($146821),51.69  ($150434),53.69  ($156255),50  ($138163),40  ($110495),50  ($128035),23.99  ($58075),23.99  ($45312),21.99  ($76428),19.49  ($69103),19.49  ($69103),18  ($63216),18  ($64279),18  ($64279),18  ($63165),19.99  ($70148),22.90  ($77294),24.90  ($81174),2.95  ($1029),1.88  ($690),1.99  ($735),10  ($1362),0.25  ($38),0.25  ($38),0.35  ($64),0.45  ($83),1  ($269)","Jan 02, 2022,Dec 22, 2021,Dec 22, 2021,Dec 22, 2021,Dec 22, 2021,Dec 21, 2021,Dec 21, 2021,Dec 21, 2021,Dec 21, 2021,Dec 17, 2021,Dec 09, 2021,Nov 14, 2021,Sep 10, 2021,Aug 12, 2021,Aug 12, 2021,Aug 11, 2021,Aug 07, 2021,Aug 06, 2021,Aug 06, 2021,Aug 06, 2021,Aug 06, 2021,Aug 06, 2021,Aug 06, 2021,Aug 01, 2021,Jul 30, 2021,Jul 17, 2021,May 07, 2021,May 07, 2021,May 07, 2021,May 07, 2021,May 06, 2021,May 06, 2021,May 06, 2021,May 06, 2021,May 04, 2021,May 03, 2021,Sep 26, 2020,Sep 15, 2020,Sep 12, 2020,Jan 05, 2020,Nov 23, 2019,Nov 23, 2019,Nov 03, 2019,Oct 27, 2019,Jul 11, 2019"
44,https://www.larvalabs.com/public/images/cryptopunks/punk1991.png,71.17,238.46K,CryptoPunk 1991,1991,0x43fd4b,"61  ($191367),61  ($196674),71.17  ($229810),81.18  ($308927),91.19  ($335664),101  ($408843),119.90  ($483344),225.25  ($804161),49  ($121939),34  ($84611),39.50  ($98298),34  ($84611),32.50  ($79517),32.50  ($79901),39.50  ($96418),35.69  ($87151),34.50  ($81010),32.98  ($64403),35  ($74396),50  ($123089),25  ($57949),25  ($57949),25  ($57949),25  ($57949),25  ($57949),35  ($55208),29.99  ($44384),29.99  ($44842),37.77  ($62141),25  ($40646),25  ($40330),0.15  ($41),0.15  ($41),0.05  ($13)","Jan 09, 2022,Jan 08, 2022,Jan 07, 2022,Jan 05, 2022,Jan 01, 2022,Dec 12, 2021,Dec 04, 2021,Oct 07, 2021,Jul 31, 2021,Jul 31, 2021,Jul 31, 2021,Jul 31, 2021,Jul 31, 2021,Jul 31, 2021,Jul 31, 2021,Jul 30, 2021,Jul 30, 2021,Jul 21, 2021,Jun 28, 2021,Apr 15, 2021,Apr 14, 2021,Apr 14, 2021,Apr 14, 2021,Apr 14, 2021,Apr 14, 2021,Mar 04, 2021,Feb 27, 2021,Feb 27, 2021,Feb 25, 2021,Feb 25, 2021,Feb 25, 2021,Jul 03, 2017,Jul 03, 2017,Jun 26, 2017"
45,https://www.larvalabs.com/public/images/cryptopunks/punk2210.png,71.94,241.04K,CryptoPunk 2210,2210,tonyherr…,"45  ($182733),45  ($184725),71.94  ($294078),0.10  ($455),0.10  ($453),121.94  ($457147),21.94  ($55069),21.94  ($56361),24.88  ($45678),29.85  ($49457),24  ($46032),24  ($46345),22  ($40011),15  ($5458),10  ($3399),3.50  ($1301),2.50  ($338),1.50  ($207),0.52  ($113),0.52  ($99)","Dec 25, 2021,Dec 24, 2021,Dec 12, 2021,Nov 07, 2021,Nov 05, 2021,Oct 19, 2021,Apr 27, 2021,Apr 22, 2021,Mar 10, 2021,Feb 24, 2021,Feb 22, 2021,Feb 22, 2021,Feb 17, 2021,Sep 28, 2020,Sep 23, 2020,Sep 15, 2020,Mar 25, 2020,Jan 05, 2020,Aug 02, 2019,Jul 11, 2017"
46,https://www.larvalabs.com/public/images/cryptopunks/punk1817.png,72,241.24K,CryptoPunk 1817,1817,0xb85556,"72  ($231825),127  ($499951),270  ($876455),150  ($396240),66.60  ($173510),25  ($53191),25  ($55599),66.60  ($120366),42  ($75545),21  ($33968)","Jan 08, 2022,Sep 06, 2021,Aug 28, 2021,Aug 05, 2021,Aug 01, 2021,Apr 19, 2021,Apr 18, 2021,Mar 12, 2021,Feb 16, 2021,Feb 07, 2021"
47,https://www.larvalabs.com/public/images/cryptopunks/punk9857.png,72,241.24K,CryptoPunk 9857,9857,niftynau…,"72  ($218932),54  ($219089),54  ($220487),65  ($247268),78  ($315241),100  ($390327)","Jan 08, 2022,Dec 26, 2021,Dec 24, 2021,Dec 20, 2021,Dec 10, 2021,Sep 06, 2021"
48,https://www.larvalabs.com/public/images/cryptopunks/punk3588.png,72.5,242.91K,CryptoPunk 3588,3588,0x422fac,"72.50  ($230261),79.99  ($326607),88.88  ($354622),188.88  ($611114),150.80  ($487542),88.88  ($248748),56.66  ($147271),33  ($58845),80  ($140083),2.79  ($953),2  ($770),3  ($1135),2.20  ($827),2.20  ($824),10  ($1363),0.25  ($38),0.25  ($38),0.25  ($38),0.25  ($38),0.40  ($74),0.50  ($153),0.40  ($118)","Jan 10, 2022,Dec 24, 2021,Dec 10, 2021,Aug 28, 2021,Aug 26, 2021,Aug 06, 2021,Aug 03, 2021,Feb 22, 2021,Feb 16, 2021,Sep 23, 2020,Sep 19, 2020,Sep 15, 2020,Sep 14, 2020,Sep 11, 2020,Jan 05, 2020,Nov 23, 2019,Nov 23, 2019,Nov 23, 2019,Nov 23, 2019,Oct 27, 2019,Jul 07, 2019,Jul 01, 2019"
49,https://www.larvalabs.com/public/images/cryptopunks/punk7824.png,72.69,243.55K,CryptoPunk 7824,7824,subbo.et…,"72.69  ($270404),74.74  ($301400),77.20  ($316569),56.56  ($232324),56.56  ($233969),57.52  ($227501),52.75  ($208635),58.58  ($231694),50.50  ($200999),59  ($238890),65  ($258956),75  ($300199),99  ($376609),200  ($911746),6  ($2273),5.10  ($1771),4.99  ($1690),3.40  ($1202),3.07  ($1058),1.50  ($517),1.50  ($489),1.12  ($397),1.12  ($257),1.21  ($278),1.31  ($315),2.39  ($406),0.95  ($195),0.79  ($188),0.05  ($13),0.59  ($165)","Dec 31, 2021,Dec 28, 2021,Dec 24, 2021,Dec 24, 2021,Dec 23, 2021,Dec 23, 2021,Dec 23, 2021,Dec 23, 2021,Dec 22, 2021,Dec 22, 2021,Dec 21, 2021,Dec 21, 2021,Dec 20, 2021,Nov 14, 2021,Oct 13, 2020,Oct 03, 2020,Oct 02, 2020,Sep 27, 2020,Sep 25, 2020,Sep 25, 2020,Sep 24, 2020,Sep 09, 2020,Jun 27, 2020,Jun 20, 2020,Jun 03, 2020,Apr 17, 2020,Jul 13, 2017,Jul 09, 2017,Jun 26, 2017,Jun 25, 2017"
50,https://www.larvalabs.com/public/images/cryptopunks/punk1319.png,72.95,244.42K,CryptoPunk 1319,1319,vault.pu…,"72.95  ($220707),76.95  ($292524),79.95  ($298079),74.95  ($278810),72.95  ($275636),64.40  ($243331),74.95  ($307669),71.95  ($294819),67.95  ($275965),69.95  ($282386),76.95  ($314559),70.80  ($289418),70.80  ($289418),68.50  ($276925),68.50  ($279875),75  ($306432),82  ($355814),70  ($303652),70  ($304548),85  ($369808),95  ($386119),120  ($504050),1  ($1544),1  ($1015),<0.01  ($<0.01)","Jan 10, 2022,Jan 05, 2022,Jan 01, 2022,Dec 30, 2021,Dec 28, 2021,Dec 28, 2021,Dec 24, 2021,Dec 24, 2021,Dec 22, 2021,Dec 16, 2021,Dec 12, 2021,Dec 12, 2021,Dec 12, 2021,Dec 12, 2021,Dec 12, 2021,Dec 12, 2021,Dec 08, 2021,Dec 07, 2021,Dec 07, 2021,Dec 07, 2021,Dec 06, 2021,Dec 06, 2021,Feb 02, 2021,Jan 13, 2021,Dec 16, 2020"
51,https://www.larvalabs.com/public/images/cryptopunks/punk5067.png,72.96,244.46K,CryptoPunk 5067,5067,0x1e3685,"72.96  ($233284),81  ($329458),79  ($321863),75  ($308435),77  ($306501),84  ($327437),93  ($385887),103  ($422027),108  ($454624),118  ($498826),114  ($474314),106  ($486745),99.89  ($471644),129.68  ($528866),100  ($343188),110  ($393325),100  ($358620),110  ($381731),139  ($546056),149  ($487908)","Jan 08, 2022,Dec 26, 2021,Dec 24, 2021,Dec 24, 2021,Dec 19, 2021,Dec 15, 2021,Dec 05, 2021,Nov 28, 2021,Nov 22, 2021,Nov 18, 2021,Nov 17, 2021,Nov 14, 2021,Nov 08, 2021,Oct 24, 2021,Sep 17, 2021,Sep 16, 2021,Sep 16, 2021,Sep 08, 2021,Sep 06, 2021,Aug 29, 2021"
52,https://www.larvalabs.com/public/images/cryptopunks/punk3922.png,72.99,244.56K,CryptoPunk 3922,3922,hilobo.e…,"66  ($248698),72.99  ($273679),66  ($245896),68.95  ($261674),69.99  ($273694),51  ($206918),73.99  ($299458),61  ($250404),51  ($210970),57  ($225613),57  ($221384),56  ($217282),61  ($237903),77  ($335687),5.79  ($8766),5.79  ($4226),5.47  ($4025),4.60  ($3373),5.49  ($3842),4.95  ($3464),4.60  ($2944),4.95  ($3142),5.20  ($3376),4  ($2307),4  ($2342),1.75  ($831),1.75  ($840),2.25  ($1081),2.25  ($1079),2.50  ($1176),2.75  ($1270),2.70  ($1233),2.95  ($1362),2.70  ($1254),3  ($1409),3.50  ($1568),0.53  ($219),0.34  ($58),0.34  ($59),0.52  ($83),0.32  ($34),0.30  ($42),0.25  ($35),0.25  ($22),1.20  ($365)","Jan 02, 2022,Jan 01, 2022,Jan 01, 2022,Dec 31, 2021,Dec 28, 2021,Dec 26, 2021,Dec 26, 2021,Dec 24, 2021,Dec 23, 2021,Dec 19, 2021,Dec 18, 2021,Dec 17, 2021,Dec 17, 2021,Dec 07, 2021,Feb 03, 2021,Dec 30, 2020,Dec 30, 2020,Dec 28, 2020,Dec 27, 2020,Dec 27, 2020,Dec 27, 2020,Dec 27, 2020,Dec 27, 2020,Dec 24, 2020,Dec 14, 2020,Nov 18, 2020,Nov 17, 2020,Nov 17, 2020,Nov 17, 2020,Nov 17, 2020,Nov 16, 2020,Nov 14, 2020,Nov 14, 2020,Nov 13, 2020,Nov 11, 2020,Nov 10, 2020,Oct 22, 2020,Apr 22, 2019,Apr 20, 2019,Feb 23, 2019,Jan 28, 2019,Dec 30, 2018,Dec 30, 2018,Dec 13, 2018,Jun 24, 2017"
53,https://www.larvalabs.com/public/images/cryptopunks/punk1029.png,73,244.59K,CryptoPunk 1029,1029,0x94a3a6,"73  ($293844),66  ($260715),61.36  ($241017),61.36  ($235213),66  ($251339),78  ($353421),92.99  ($426237),90  ($417717),86  ($397704),77  ($366936),77  ($355671),86  ($410770),4.95  ($1205),0.20  ($44),0.25  ($53),0.20  ($42),0.25  ($53),0.30  ($63)","Dec 26, 2021,Dec 23, 2021,Dec 20, 2021,Dec 15, 2021,Dec 14, 2021,Dec 03, 2021,Nov 14, 2021,Nov 14, 2021,Nov 12, 2021,Nov 11, 2021,Nov 11, 2021,Nov 08, 2021,Jun 04, 2020,Aug 01, 2019,Jul 29, 2019,Jul 29, 2019,Jul 29, 2019,Jul 29, 2019"
54,https://www.larvalabs.com/public/images/cryptopunks/punk5879.png,73,244.59K,CryptoPunk 5879,5879,vault.bi…,"73  ($235632),75  ($271641),80  ($290719),69.95  ($265446),69.95  ($270511),71.95  ($292920),68  ($278892),68  ($277755),69.95  ($282765),66  ($267744),66  ($267744),88  ($398470),120  ($556068),90  ($221139),50  ($122855),87  ($212862),31  ($75728),31  ($76320),29  ($71397),29  ($98320),0.23  ($62),0.23  ($62),0.23  ($62)","Jan 12, 2022,Jan 05, 2022,Dec 31, 2021,Dec 29, 2021,Dec 28, 2021,Dec 26, 2021,Dec 26, 2021,Dec 26, 2021,Dec 25, 2021,Dec 25, 2021,Dec 25, 2021,Dec 03, 2021,Nov 13, 2021,Jul 31, 2021,Jul 31, 2021,Jul 31, 2021,Jul 31, 2021,Jul 31, 2021,Jul 31, 2021,May 17, 2021,Jul 04, 2017,Jul 04, 2017,Jul 04, 2017"
55,https://www.larvalabs.com/public/images/cryptopunks/punk8005.png,73.8,247.27K,CryptoPunk 8005,8005,0xf7f7d7,"73.80  ($281137),77.90  ($292244),80  ($319192),86  ($393662),179  ($603350),888.88  ($2.87M),250  ($806128),155  ($501843),130  ($434429),69.69  ($233367),69.69  ($233455),73  ($230061),30  ($73779),25  ($44890),25  ($46851),20  ($40578),20  ($40578),30  ($55059),35  ($120204),32  ($108009),39  ($114805),49  ($104168),49  ($82046)","Jan 05, 2022,Jan 02, 2022,Dec 10, 2021,Dec 02, 2021,Aug 31, 2021,Aug 28, 2021,Aug 28, 2021,Aug 27, 2021,Aug 23, 2021,Aug 23, 2021,Aug 23, 2021,Aug 19, 2021,Jul 31, 2021,Jul 20, 2021,Jul 17, 2021,Jul 12, 2021,Jul 12, 2021,Jun 25, 2021,May 05, 2021,May 04, 2021,May 01, 2021,Apr 12, 2021,Mar 28, 2021"
56,https://www.larvalabs.com/public/images/cryptopunks/punk8560.png,73.99,247.91K,CryptoPunk 8560,8560,0x65b1b9,"73.99  ($282588),51  ($204129),51  ($204578),49  ($196556),50  ($200567),50  ($200567),48  ($192544),51.15  ($204695),55  ($221198),51.15  ($204459),59  ($234721),62.50  ($252669),62.50  ($254679),69.88  ($284751),99.88  ($437309),112.98  ($474437),119.98  ($459132),17.75  ($41286),14  ($31066),14  ($29481),12.75  ($26293),12.75  ($26971),15.50  ($34504),15.50  ($32941),17.75  ($37342),16.50  ($42473),14.25  ($36446),15  ($38605),14.25  ($37409),15.75  ($38474)","Jan 04, 2022,Dec 22, 2021,Dec 22, 2021,Dec 22, 2021,Dec 22, 2021,Dec 22, 2021,Dec 22, 2021,Dec 22, 2021,Dec 22, 2021,Dec 21, 2021,Dec 21, 2021,Dec 12, 2021,Dec 11, 2021,Dec 11, 2021,Nov 21, 2021,Oct 26, 2021,Oct 15, 2021,Jul 04, 2021,Jul 03, 2021,Jul 02, 2021,Jul 02, 2021,Jul 01, 2021,Jun 29, 2021,Jun 29, 2021,Jun 29, 2021,Jun 09, 2021,Jun 01, 2021,Jun 01, 2021,Jun 01, 2021,May 30, 2021"
57,https://www.larvalabs.com/public/images/cryptopunks/punk7729.png,73.99,247.91K,CryptoPunk 7729,7729,0xcc2a85,"73.99  ($235769),67  ($250027),67  ($251336),78.99  ($294500),0.72  ($2671),74.99  ($284597),70  ($266448),70  ($266448),77  ($286890),88.90  ($342283),101  ($438031),99  ($426164),105  ($450784),102  ($408552),102  ($433694),135  ($641080),210  ($632167),251  ($817954),122.98  ($396702),122.98  ($399155),129.98  ($416487),137.87  ($542186),144.98  ($570895),149.68  ($591131),157.88  ($597290),159.69  ($601329),169.69  ($579466),174.98  ($568088),186.69  ($602943),197  ($633572),219  ($701525),237  ($769108),888  ($2.86M),888.89  ($2.87M),299  ($967403),259  ($840748),215  ($719106),175  ($507276),110  ($304890),95.96  ($266473),89.96  ($252124),79.96  ($198943),69.95  ($175785),64.96  ($165670),66.97  ($176567),68.89  ($175459),71.96  ($182868),77.96  ($202793),69.97  ($181611),58.96  ($144953),52.96  ($130521),36.50  ($89955),36.50  ($71399),32  ($125855),35  ($109991),34  ($100334),34  ($96701),39  ($70499),45  ($70414),35  ($66973),40  ($14554),18  ($6053),8  ($1659),4  ($828),3  ($615),3.80  ($793),2  ($388),1.50  ($207),0.40  ($70),0.40  ($70),0.50  ($87),0.25  ($45),0.25  ($45),0.25  ($53),0.25  ($54),1  ($248),0.20  ($119)","Jan 07, 2022,Jan 02, 2022,Jan 02, 2022,Jan 01, 2022,Jan 01, 2022,Dec 31, 2021,Dec 31, 2021,Dec 31, 2021,Dec 30, 2021,Dec 20, 2021,Nov 29, 2021,Nov 25, 2021,Nov 24, 2021,Nov 19, 2021,Nov 18, 2021,Nov 12, 2021,Sep 30, 2021,Sep 11, 2021,Sep 11, 2021,Sep 11, 2021,Sep 10, 2021,Sep 07, 2021,Sep 06, 2021,Sep 03, 2021,Sep 02, 2021,Sep 01, 2021,Sep 01, 2021,Aug 30, 2021,Aug 30, 2021,Aug 29, 2021,Aug 29, 2021,Aug 28, 2021,Aug 28, 2021,Aug 28, 2021,Aug 28, 2021,Aug 28, 2021,Aug 23, 2021,Aug 07, 2021,Aug 06, 2021,Aug 06, 2021,Aug 05, 2021,Aug 04, 2021,Aug 04, 2021,Aug 03, 2021,Aug 02, 2021,Aug 02, 2021,Aug 02, 2021,Aug 01, 2021,Aug 01, 2021,Jul 31, 2021,Jul 31, 2021,Jul 31, 2021,Jul 22, 2021,May 09, 2021,May 03, 2021,May 02, 2021,May 01, 2021,Mar 15, 2021,Feb 23, 2021,Feb 18, 2021,Sep 28, 2020,Sep 24, 2020,May 27, 2020,May 24, 2020,May 22, 2020,May 05, 2020,Apr 26, 2020,Jan 05, 2020,Sep 05, 2019,Sep 05, 2019,Sep 05, 2019,Sep 02, 2019,Sep 02, 2019,Jul 29, 2019,Jul 24, 2019,Sep 21, 2018,Jun 09, 2018"
58,https://www.larvalabs.com/public/images/cryptopunks/punk6560.png,74,247.94K,CryptoPunk 6560,6560,lilfomo.…,"74  ($230380),121  ($521437),132  ($569506),142  ($619503),147  ($429028),138  ($399840),128  ($441256),138  ($501427),125  ($449414),147  ($574617),210  ($654165),194  ($617613),165  ($525289),74  ($247799),51  ($166577),51  ($166849),74  ($204890),63.72  ($178245),51  ($128011),0.07  ($171),29.50  ($72628),29.50  ($61698),0.07  ($124),0.05  ($16)","Jan 11, 2022,Nov 25, 2021,Nov 16, 2021,Nov 02, 2021,Sep 30, 2021,Sep 25, 2021,Sep 17, 2021,Sep 16, 2021,Sep 16, 2021,Sep 07, 2021,Aug 26, 2021,Aug 25, 2021,Aug 25, 2021,Aug 23, 2021,Aug 22, 2021,Aug 21, 2021,Aug 06, 2021,Aug 05, 2021,Aug 03, 2021,Jul 31, 2021,Jul 31, 2021,Jun 28, 2021,Jun 26, 2021,Jun 28, 2017"
59,https://www.larvalabs.com/public/images/cryptopunks/punk5766.png,74,247.94K,CryptoPunk 5766,5766,0xc480fb,"74  ($235876),80  ($328701),22  ($50398),22  ($49663)","Jan 07, 2022,Dec 26, 2021,Apr 21, 2021,Apr 19, 2021"
60,https://www.larvalabs.com/public/images/cryptopunks/punk5151.png,74,247.94K,CryptoPunk 5151,5151,0xc14c73,"74  ($236609),121.50  ($525515),139.50  ($631589),151.50  ($679541),134  ($440950),134  ($407210),109.90  ($366607),59  ($145882),37.95  ($98501),37.95  ($94440),35.50  ($87305),8  ($16816),29.95  ($54961),8  ($15990),37  ($70922),29.95  ($55474),29.50  ($54641),16.50  ($29414),16.50  ($29414),12.79  ($23132),9.95  ($18163),7.88  ($12241),<0.01  ($2),<0.01  ($2),<0.01  ($0)","Jan 08, 2022,Nov 23, 2021,Nov 14, 2021,Nov 06, 2021,Oct 01, 2021,Sep 27, 2021,Sep 10, 2021,Aug 04, 2021,Aug 01, 2021,Jul 31, 2021,Jul 31, 2021,Jun 29, 2021,Jun 27, 2021,Jun 24, 2021,Feb 22, 2021,Feb 17, 2021,Feb 17, 2021,Feb 17, 2021,Feb 17, 2021,Feb 14, 2021,Feb 13, 2021,Feb 03, 2021,Jan 29, 2018,Jan 23, 2018,Dec 10, 2017"
61,https://www.larvalabs.com/public/images/cryptopunks/punk3346.png,74,247.94K,CryptoPunk 3346,3346,7hats,"74  ($280832),86  ($347406),64  ($262082),64  ($260582),68.80  ($280126),70  ($283527),53  ($218232),56  ($230584),53  ($217657),52  ($213550),51.15  ($210060),56  ($229977),51.15  ($205180),52.02  ($210628),52.02  ($210395),51.50  ($209157),51  ($207126),56.66  ($230338),144.99  ($467522),45  ($147476),49.90  ($163370),45  ($147072),49.90  ($155733),55  ($174495),34.50  ($86771),27.90  ($71444),27.90  ($71059),34.50  ($87869),35.95  ($93229),17.90  ($41319),17.90  ($40005),18  ($39800),16.50  ($31989),17.20  ($31823),14.50  ($26741),14.50  ($26656),17.49  ($32153),17.98  ($33147),18.20  ($33553),0  ($3),0.00  ($0.00),0.00  ($0.00),3.40  ($1222),3.20  ($1101),2.30  ($795),0.50  ($88),0.37  ($50),0.33  ($39)","Jan 04, 2022,Dec 27, 2021,Dec 27, 2021,Dec 27, 2021,Dec 27, 2021,Dec 24, 2021,Dec 23, 2021,Dec 23, 2021,Dec 23, 2021,Dec 23, 2021,Dec 23, 2021,Dec 23, 2021,Dec 22, 2021,Dec 22, 2021,Dec 22, 2021,Dec 22, 2021,Dec 22, 2021,Dec 22, 2021,Aug 28, 2021,Aug 21, 2021,Aug 20, 2021,Aug 20, 2021,Aug 13, 2021,Aug 11, 2021,Aug 03, 2021,Aug 01, 2021,Aug 01, 2021,Aug 01, 2021,Aug 01, 2021,Jul 06, 2021,Jul 06, 2021,Jul 05, 2021,Mar 31, 2021,Mar 31, 2021,Mar 31, 2021,Mar 30, 2021,Mar 30, 2021,Mar 30, 2021,Mar 30, 2021,Oct 04, 2020,Oct 04, 2020,Oct 04, 2020,Sep 28, 2020,Sep 25, 2020,Sep 24, 2020,Apr 07, 2019,Mar 02, 2019,Jan 20, 2019"
62,https://www.larvalabs.com/public/images/cryptopunks/punk4188.png,74.47,249.52K,CryptoPunk 4188,4188,0x6f4a2d,"74.47  ($283152),88.88  ($330787),10.50  ($18700),10.50  ($19059)","Jan 02, 2022,Jan 01, 2022,Feb 16, 2021,Feb 13, 2021"
63,https://www.larvalabs.com/public/images/cryptopunks/punk9656.png,74.5,249.62K,CryptoPunk 9656,9656,hilobo.e…,"74.50  ($282737),76.95  ($312264),59.95  ($244788),55  ($224577),55  ($224577),50  ($204160),50  ($204454),59.95  ($244903),65  ($255535),69.69  ($279122),91  ($287177),95.99  ($302512),91  ($283497),85.85  ($264035),95.99  ($295280),93  ($289439),99.99  ($302652),95  ($287548),95  ($286727),93  ($280691),96  ($292268),73  ($209166),97  ($263501),99.99  ($307238),88.88  ($296280),97.99  ($338443),88.88  ($306469),98.99  ($341329),0.00  ($0.00),0.00  ($0.00),22  ($43234),23  ($45199),18.90  ($40462),18.90  ($39469),0.10  ($215),0.10  ($218),0.10  ($218),0.10  ($218),0.00  ($0.00),0.00  ($0.00),22.50  ($39398),22.50  ($40003),22.99  ($39966),4.90  ($1688),5.80  ($2052),3.43  ($1228),3.43  ($1207),3.10  ($1091),2.19  ($742),1.80  ($613)","Dec 31, 2021,Dec 27, 2021,Dec 24, 2021,Dec 24, 2021,Dec 24, 2021,Dec 24, 2021,Dec 24, 2021,Dec 24, 2021,Dec 19, 2021,Dec 11, 2021,Sep 23, 2021,Sep 23, 2021,Sep 23, 2021,Sep 23, 2021,Sep 23, 2021,Sep 23, 2021,Sep 22, 2021,Sep 22, 2021,Sep 22, 2021,Sep 22, 2021,Sep 22, 2021,Sep 22, 2021,Sep 21, 2021,Sep 20, 2021,Sep 19, 2021,Sep 18, 2021,Sep 18, 2021,Sep 18, 2021,Aug 23, 2021,Aug 23, 2021,Jul 21, 2021,Jul 21, 2021,Jul 11, 2021,Jul 10, 2021,Jun 30, 2021,Jun 29, 2021,Jun 29, 2021,Jun 29, 2021,Jun 29, 2021,Jun 29, 2021,Mar 13, 2021,Mar 12, 2021,Mar 12, 2021,Oct 02, 2020,Sep 29, 2020,Sep 28, 2020,Sep 27, 2020,Sep 27, 2020,Sep 23, 2020,Sep 22, 2020"
64,https://www.larvalabs.com/public/images/cryptopunks/punk0700.png,74.87,250.86K,CryptoPunk 700,700,0x321c09,74.87  ($281230),1-Jan-22
65,https://www.larvalabs.com/public/images/cryptopunks/punk3248.png,74.95,251.12K,CryptoPunk 3248,3248,vault.pu…,"62  ($207149),62  ($209650),74.95  ($229272),77.95  ($296325),82.95  ($309264),79.95  ($299262),77.95  ($294529),79.95  ($325187),76.95  ($315879),54.50  ($223317),74.95  ($307112),54.50  ($221752),69.95  ($278414),55  ($220624),55  ($220624),66  ($265212),75  ($290971),80  ($316850),73  ($302035),73  ($314055),83  ($357076),120  ($553408),150  ($706296),200  ($805996),3  ($5479),3  ($5419),6.4K  ($11.43M),1.66K  ($2.49M),45  ($16845),0.09  ($67),0.10  ($114),0.15  ($103),3.14  ($2062)","Jan 13, 2022,Jan 12, 2022,Jan 10, 2022,Jan 05, 2022,Jan 01, 2022,Dec 30, 2021,Dec 28, 2021,Dec 26, 2021,Dec 24, 2021,Dec 24, 2021,Dec 24, 2021,Dec 23, 2021,Dec 22, 2021,Dec 22, 2021,Dec 22, 2021,Dec 22, 2021,Dec 20, 2021,Dec 17, 2021,Dec 09, 2021,Dec 09, 2021,Dec 09, 2021,Nov 30, 2021,Nov 11, 2021,Oct 23, 2021,Mar 11, 2021,Mar 11, 2021,Mar 11, 2021,Mar 03, 2021,Sep 11, 2020,May 08, 2018,Jan 11, 2018,Dec 15, 2017,Dec 12, 2017"
66,https://www.larvalabs.com/public/images/cryptopunks/punk8743.png,74.95,251.12K,CryptoPunk 8743,8743,0xca37d8,"74.95  ($253428),79.88  ($245982),189.25  ($632907),169.42  ($510074),147.14  ($556659),114.41  ($353026),123.40  ($399131),125  ($416676),69  ($230005),69  ($226650),72.69  ($224460),125  ($363861),149  ($411726),25  ($68811),20  ($51825),20  ($48154),25  ($60192),26.99  ($63490),100  ($117322),6.99  ($8201),6.99  ($8201),6.50  ($8035),6.50  ($7957),8.50  ($10213),1.10  ($403),1.10  ($368),1  ($269)","Jan 12, 2022,Jan 11, 2022,Oct 02, 2021,Sep 27, 2021,Sep 02, 2021,Aug 26, 2021,Aug 24, 2021,Aug 23, 2021,Aug 23, 2021,Aug 13, 2021,Aug 10, 2021,Aug 07, 2021,Aug 06, 2021,May 27, 2021,May 24, 2021,May 24, 2021,May 24, 2021,May 22, 2021,Jan 08, 2021,Jan 08, 2021,Jan 08, 2021,Jan 07, 2021,Jan 07, 2021,Jan 07, 2021,Sep 11, 2020,Sep 08, 2020,Jul 04, 2017"
67,https://www.larvalabs.com/public/images/cryptopunks/punk5254.png,74.95,251.12K,CryptoPunk 5254,5254,hilobo.e…,"74.95  ($284001),77.95  ($315485),63.95  ($262514),63.95  ($262514),49.49  ($203243),52  ($213550),49.49  ($203321),49  ($195794),52  ($207782),48.75  ($192310),54.40  ($215974),48.75  ($195553),48  ($192544),51.02  ($207047),51.02  ($206351),51  ($204937),51  ($205650),55  ($220311),62  ($252225),78  ($321980),85  ($385335),43.98  ($133219),43.98  ($132405),40.50  ($128487),40.50  ($129066),41.50  ($132253),40  ($132444),41.99  ($139186),40  ($130873),42.25  ($138369),42.50  ($138301),41.80  ($136023),43.75  ($143709),44.25  ($144681),44.50  ($143619),45.75  ($147396),44  ($137320),46  ($138803),46.50  ($142893),44  ($137310),42  ($131069),46.68  ($151176),42  ($135400),47.90  ($152003),47.95  ($151771),0.00  ($0.00),0.00  ($0.00),23  ($73407),23  ($47437),14.01  ($27453),20  ($40908),14.99  ($30542),14.01  ($29585),14  ($29583),14  ($29562),13  ($27450),14.99  ($31652),21.25  ($37915),20.75  ($37640),20.75  ($37488),18  ($32873),18  ($32835),21.25  ($38764),0.40  ($60),0.40  ($70),0.25  ($47),0.25  ($47),1  ($306)","Dec 31, 2021,Dec 26, 2021,Dec 24, 2021,Dec 24, 2021,Dec 23, 2021,Dec 23, 2021,Dec 23, 2021,Dec 23, 2021,Dec 23, 2021,Dec 23, 2021,Dec 22, 2021,Dec 22, 2021,Dec 22, 2021,Dec 22, 2021,Dec 22, 2021,Dec 22, 2021,Dec 21, 2021,Dec 21, 2021,Dec 16, 2021,Dec 03, 2021,Dec 01, 2021,Aug 18, 2021,Aug 18, 2021,Aug 17, 2021,Aug 16, 2021,Aug 16, 2021,Aug 16, 2021,Aug 15, 2021,Aug 15, 2021,Aug 15, 2021,Aug 14, 2021,Aug 14, 2021,Aug 13, 2021,Aug 13, 2021,Aug 13, 2021,Aug 13, 2021,Aug 13, 2021,Aug 12, 2021,Aug 12, 2021,Aug 12, 2021,Aug 12, 2021,Aug 11, 2021,Aug 11, 2021,Aug 11, 2021,Aug 11, 2021,Jul 30, 2021,Jul 30, 2021,May 03, 2021,Apr 09, 2021,Apr 07, 2021,Apr 07, 2021,Apr 07, 2021,Apr 07, 2021,Apr 07, 2021,Apr 07, 2021,Apr 07, 2021,Apr 07, 2021,Mar 21, 2021,Mar 20, 2021,Mar 20, 2021,Mar 19, 2021,Mar 19, 2021,Mar 19, 2021,Dec 08, 2019,Nov 19, 2019,Sep 15, 2019,Sep 15, 2019,Jul 07, 2019"
68,https://www.larvalabs.com/public/images/cryptopunks/punk1580.png,74.95,251.12K,CryptoPunk 1580,1580,vault.pu…,"74.95  ($264734),68  ($246288),66  ($239044),68  ($246288),66  ($239044),72  ($260775),76.50  ($282730),78.50  ($292673),70  ($260014),70  ($262018),80  ($297713),85  ($316841),0.10  ($105),0.10  ($114),0.20  ($131)","Jan 06, 2022,Jan 05, 2022,Jan 05, 2022,Jan 05, 2022,Jan 05, 2022,Jan 05, 2022,Jan 03, 2022,Jan 01, 2022,Dec 30, 2021,Dec 30, 2021,Dec 29, 2021,Dec 29, 2021,Jan 16, 2018,Jan 11, 2018,Dec 12, 2017"
69,https://www.larvalabs.com/public/images/cryptopunks/punk4368.png,74.99,251.26K,CryptoPunk 4368,4368,0x668768,"52.50  ($194265),52.50  ($213362),74.99  ($303634),79.99  ($309312),74.99  ($281936),70  ($286935),70  ($286935),89  ($401663),222.22  ($843125),108.99  ($372755),164.75  ($492775),115.99  ($346932),108.99  ($304995),108.71  ($306374),108.71  ($304141),115.99  ($324509),108.69  ($310008),108.69  ($310008),108.69  ($311873),118  ($341932),130  ($398499),175  ($559947),199  ($636159),200  ($639356),300  ($970638),124.50  ($403094),85  ($281769),85  ($252427),12  ($31276),12  ($30691)","Jan 01, 2022,Dec 27, 2021,Dec 22, 2021,Dec 15, 2021,Dec 14, 2021,Dec 04, 2021,Dec 04, 2021,Dec 03, 2021,Oct 18, 2021,Oct 04, 2021,Sep 30, 2021,Sep 30, 2021,Sep 29, 2021,Sep 29, 2021,Sep 29, 2021,Sep 29, 2021,Sep 28, 2021,Sep 28, 2021,Sep 28, 2021,Sep 28, 2021,Sep 27, 2021,Aug 29, 2021,Aug 29, 2021,Aug 29, 2021,Aug 28, 2021,Aug 27, 2021,Aug 24, 2021,Aug 07, 2021,Jun 01, 2021,Jun 01, 2021"
70,https://www.larvalabs.com/public/images/cryptopunks/punk8204.png,74.99,251.26K,CryptoPunk 8204,8204,wilcox.e…,"70  ($269265),70  ($263103),74.99  ($281859),139.99  ($617342),0.50  ($95),0.75  ($201)","Jan 04, 2022,Jan 04, 2022,Jan 04, 2022,Oct 29, 2021,Sep 15, 2019,Jul 11, 2019"
71,https://www.larvalabs.com/public/images/cryptopunks/punk6806.png,74.99,251.26K,CryptoPunk 6806,6806,0x668768,"74.99  ($303634),79.99  ($309312),89.99  ($373510),74.99  ($311074),74.99  ($311479),88  ($377560),88  ($378998),87  ($370850),94.99  ($404908),87  ($368994),92.99  ($427004),89.99  ($417690),96  ($418707),99.99  ($436109),96  ($418101),99.99  ($435478),109.99  ($475480),119.99  ($513983),120  ($514026),130  ($518822),90.99  ($284309),299  ($1.04M),299  ($1.04M),99.50  ($323490),90.99  ($297449),99.50  ($325268),84  ($265611),99.95  ($316045),84  ($261400),93  ($285595),81.81  ($251231),81.81  ($251231),172  ($545778),54  ($152207),54  ($131914),34  ($66430),20  ($39458),20  ($39034)","Dec 22, 2021,Dec 15, 2021,Dec 12, 2021,Dec 06, 2021,Dec 06, 2021,Nov 20, 2021,Nov 20, 2021,Nov 17, 2021,Nov 17, 2021,Nov 17, 2021,Nov 14, 2021,Nov 13, 2021,Oct 30, 2021,Oct 30, 2021,Oct 30, 2021,Oct 30, 2021,Oct 29, 2021,Oct 27, 2021,Oct 27, 2021,Oct 22, 2021,Sep 27, 2021,Sep 09, 2021,Sep 09, 2021,Aug 28, 2021,Aug 27, 2021,Aug 27, 2021,Aug 27, 2021,Aug 27, 2021,Aug 27, 2021,Aug 27, 2021,Aug 27, 2021,Aug 27, 2021,Aug 25, 2021,Aug 05, 2021,Jul 31, 2021,Feb 21, 2021,Feb 21, 2021,Feb 21, 2021"
72,https://www.larvalabs.com/public/images/cryptopunks/punk6196.png,74.99,251.26K,CryptoPunk 6196,6196,0x74be0a,"74.99  ($253575),84.99  ($345687),79.99  ($328010),76  ($311979),76  ($298437),69  ($290241),69  ($292399),93.25  ($425473),100  ($462731),102.50  ($470151),106  ($443439),95  ($407981),95  ($395262),90  ($417190),108.25  ($502194),90  ($421170),109.99  ($510497),138.25  ($635162),12.83  ($55973),12.83  ($54919),128.25  ($541463),144.25  ($554936),148.25  ($506564),162.50  ($580223),165  ($591782),85.50  ($280204),82.69  ($266847),18.25  ($50299),18.88  ($52514),18.25  ($50762),17.25  ($47981),19.75  ($54535),17.25  ($47632),20.25  ($55916),21  ($54103),18  ($50264),18  ($50264),18.50  ($51661),23  ($59545),12  ($47258),17  ($65287),17  ($65287),12  ($49256),11.50  ($47203),17.90  ($76252),21.99  ($91705),24.50  ($97791),37  ($141440),49  ($157332),4  ($7664),4  ($7664),28.75  ($47893),24.95  ($42227),26.55  ($44935),27.95  ($48804),28.75  ($51401),29.88  ($52809),32.10  ($59173),27.50  ($49535),26.10  ($47013),27.50  ($49535),26.10  ($46861),29  ($52720),26  ($47958),30  ($47450),32.99  ($50511),39  ($57211),7.50  ($12441),7.50  ($5456),5.50  ($2033),0.25  ($45),0.25  ($45),0.50  ($153)","Jan 12, 2022,Dec 26, 2021,Dec 24, 2021,Dec 24, 2021,Dec 18, 2021,Dec 05, 2021,Dec 04, 2021,Dec 03, 2021,Dec 02, 2021,Dec 01, 2021,Nov 23, 2021,Nov 20, 2021,Nov 17, 2021,Nov 14, 2021,Nov 14, 2021,Nov 14, 2021,Nov 14, 2021,Nov 03, 2021,Nov 02, 2021,Nov 01, 2021,Oct 26, 2021,Oct 18, 2021,Oct 11, 2021,Oct 07, 2021,Oct 06, 2021,Aug 20, 2021,Aug 12, 2021,Jun 02, 2021,Jun 02, 2021,Jun 02, 2021,Jun 02, 2021,Jun 02, 2021,Jun 02, 2021,Jun 02, 2021,Jun 01, 2021,May 27, 2021,May 27, 2021,May 27, 2021,May 25, 2021,May 13, 2021,May 13, 2021,May 13, 2021,May 12, 2021,May 12, 2021,May 12, 2021,May 12, 2021,May 11, 2021,May 09, 2021,May 04, 2021,Apr 01, 2021,Apr 01, 2021,Mar 24, 2021,Mar 23, 2021,Mar 22, 2021,Mar 22, 2021,Mar 22, 2021,Mar 21, 2021,Mar 20, 2021,Mar 16, 2021,Mar 16, 2021,Mar 16, 2021,Mar 15, 2021,Mar 12, 2021,Mar 10, 2021,Mar 06, 2021,Mar 05, 2021,Mar 05, 2021,Feb 05, 2021,Dec 29, 2020,Oct 20, 2020,Sep 03, 2019,Sep 03, 2019,Jul 07, 2019"
73,https://www.larvalabs.com/public/images/cryptopunks/punk5443.png,75,251.29K,CryptoPunk 5443,5443,redlione…,"75  ($252298),64  ($260554),68  ($279139),64  ($255954),68  ($259510),67  ($288880),67  ($290638),75  ($325341),78  ($338355),106  ($504015),106  ($477126),103  ($461749),103  ($448860),104  ($436536),105  ($456752),109  ($481348),110  ($478582),113  ($467571),115  ($491722),124  ($513546),98  ($413449),98  ($413449),110  ($461315),150  ($403147),15.25  ($27573),14  ($28131),15.25  ($29937),14  ($26534),15.75  ($30064),16.25  ($31399)","Jan 12, 2022,Dec 26, 2021,Dec 24, 2021,Dec 21, 2021,Dec 20, 2021,Dec 07, 2021,Dec 07, 2021,Dec 07, 2021,Dec 07, 2021,Nov 15, 2021,Nov 02, 2021,Nov 02, 2021,Nov 01, 2021,Oct 31, 2021,Oct 30, 2021,Oct 29, 2021,Oct 29, 2021,Oct 28, 2021,Oct 27, 2021,Oct 26, 2021,Oct 26, 2021,Oct 26, 2021,Oct 26, 2021,Aug 05, 2021,Jun 25, 2021,Jun 24, 2021,Jun 24, 2021,Jun 22, 2021,Jun 22, 2021,Jun 21, 2021"
74,https://www.larvalabs.com/public/images/cryptopunks/punk6405.png,75,251.29K,CryptoPunk 6405,6405,0x033041,"75  ($253140),69  ($231056),60  ($188504),60  ($195188),55  ($173100),55  ($173100),69  ($170262),26  ($54103),16  ($33659),16  ($33545),26  ($45952),18  ($30388),21  ($35784),24.99  ($42881),27.50  ($46079),29  ($49083),18  ($30518),15  ($25431),29.50  ($52550),31.50  ($56759),35  ($41547),11.00  ($11083)","Jan 12, 2022,Aug 23, 2021,Aug 12, 2021,Aug 11, 2021,Aug 11, 2021,Aug 11, 2021,Apr 15, 2021,Apr 09, 2021,Apr 06, 2021,Apr 02, 2021,Mar 29, 2021,Mar 28, 2021,Mar 28, 2021,Mar 28, 2021,Mar 27, 2021,Mar 27, 2021,Mar 27, 2021,Mar 27, 2021,Mar 21, 2021,Mar 19, 2021,Jan 08, 2021,Jan 04, 2021"
75,https://www.larvalabs.com/public/images/cryptopunks/punk9509.png,75,251.29K,CryptoPunk 9509,9509,0x758353,"70  ($223894),70  ($247250),75  ($285709),0.30  ($65),0.30  ($66),0.50  ($153)","Jan 08, 2022,Jan 06, 2022,Jan 05, 2022,Aug 01, 2019,Jul 31, 2019,Jul 07, 2019"
76,https://www.larvalabs.com/public/images/cryptopunks/punk6259.png,75,251.29K,CryptoPunk 6259,6259,countzer…,"75  ($302128),100  ($471106),242  ($919651),14.99  ($29770),14.99  ($27511),14.70  ($28538),14.84  ($30066),14.93  ($32931),14.15  ($31203),14.15  ($31610),14  ($31275),14.49  ($32552),14  ($32843),14.99  ($34996),10  ($23411),15.75  ($36619),16.49  ($44823),16.90  ($40813),19.87  ($54349),15.75  ($43813),15.75  ($43121),17  ($46531),1.10  ($422),1.10  ($420)","Dec 16, 2021,Nov 15, 2021,Oct 17, 2021,Jun 28, 2021,Jun 25, 2021,Jun 24, 2021,Jun 21, 2021,Jun 20, 2021,Jun 19, 2021,Jun 19, 2021,Jun 19, 2021,Jun 19, 2021,Jun 18, 2021,Jun 18, 2021,Jun 17, 2021,Jun 17, 2021,Jun 02, 2021,May 29, 2021,May 27, 2021,May 27, 2021,May 26, 2021,May 20, 2021,Aug 26, 2020,Aug 26, 2020"
77,https://www.larvalabs.com/public/images/cryptopunks/punk5614.png,75,251.29K,CryptoPunk 5614,5614,0x1cf2b8,"75  ($293119),99  ($398156),72  ($282490),76  ($305173),79  ($316739),99  ($402377),69  ($280444),69  ($280444),0  ($41),9.85  ($17409),9.85  ($17937),5.90  ($10544),5.20  ($9111),5.20  ($9434),5.90  ($7762),5.20  ($6705),5.20  ($1840),3.43  ($1229),3.43  ($1207),3.10  ($1091),2  ($679),1.55  ($583),1.55  ($343)","Dec 28, 2021,Dec 22, 2021,Dec 13, 2021,Dec 13, 2021,Dec 12, 2021,Dec 06, 2021,Dec 06, 2021,Dec 06, 2021,Dec 06, 2021,Feb 17, 2021,Feb 15, 2021,Feb 11, 2021,Feb 11, 2021,Feb 10, 2021,Feb 01, 2021,Jan 27, 2021,Sep 29, 2020,Sep 28, 2020,Sep 27, 2020,Sep 27, 2020,Sep 23, 2020,Sep 14, 2020,May 29, 2020"
78,https://www.larvalabs.com/public/images/cryptopunks/punk7998.png,75,251.29K,CryptoPunk 7998,7998,0x033041,"75  ($253140),69  ($231056),69  ($213066),23  ($34005),23  ($33240),24.99  ($36640),17.99  ($26377),17.99  ($26377),22  ($34895),2.50  ($873),1.50  ($553),1.90  ($711),2  ($467),1  ($227),2  ($445),3.50  ($702),1.25  ($251),1.25  ($222),0.40  ($218),0.20  ($123)","Jan 12, 2022,Aug 23, 2021,Aug 10, 2021,Feb 27, 2021,Feb 26, 2021,Feb 26, 2021,Feb 26, 2021,Feb 26, 2021,Feb 25, 2021,Sep 25, 2020,Sep 14, 2020,Sep 11, 2020,Jul 06, 2020,Jul 03, 2020,Jun 29, 2020,May 26, 2020,May 26, 2020,Nov 18, 2018,Mar 23, 2018,Mar 14, 2018"
79,https://www.larvalabs.com/public/images/cryptopunks/punk6776.png,75,251.29K,CryptoPunk 6776,6776,0xb2dd7f,"75  ($230954),65  ($207188),65  ($210085),60  ($193924),60  ($191593),66.66  ($222936),73.73  ($272493)","Jan 11, 2022,Jan 07, 2022,Jan 07, 2022,Jan 07, 2022,Jan 07, 2022,Jan 07, 2022,Jan 03, 2022"
80,https://www.larvalabs.com/public/images/cryptopunks/punk2686.png,75,251.29K,CryptoPunk 2686,2686,mandywan…,"75  ($234473),54  ($216612),54  ($215715),58  ($233405),62  ($249561),72  ($285023),82  ($333209),102  ($375791),32.99  ($68857),31  ($64704),31  ($65894),32.99  ($136211)","Jan 09, 2022,Dec 22, 2021,Dec 22, 2021,Dec 21, 2021,Dec 21, 2021,Dec 18, 2021,Dec 16, 2021,Dec 15, 2021,Jun 29, 2021,Jun 29, 2021,Jun 28, 2021,May 10, 2021"
81,https://www.larvalabs.com/public/images/cryptopunks/punk0695.png,75,251.29K,CryptoPunk 695,695,0x321c09,75  ($281719),1-Jan-22
82,https://www.larvalabs.com/public/images/cryptopunks/punk0898.png,75,251.29K,CryptoPunk 898,898,WuTangCl…,"75  ($286805),300  ($919872),22.22  ($43172),22.22  ($42539),29.99  ($57015),0.50  ($65),0.50  ($66),0.05  ($13)","Jan 02, 2022,Aug 07, 2021,Feb 21, 2021,Feb 19, 2021,Feb 18, 2021,Jan 02, 2020,Jan 01, 2020,Jun 26, 2017"
83,https://www.larvalabs.com/public/images/cryptopunks/punk6712.png,75,251.29K,CryptoPunk 6712,6712,WuTangCl…,"69  ($259641),69  ($259641),67.42  ($253631),67.42  ($257818),75  ($285829),88  ($265381),88  ($258264),125  ($346686),200  ($616942),13  ($25024),20.20  ($39628),20.20  ($39105),13  ($25238),17.95  ($36450),15  ($26258),11  ($19397),14  ($22291),11  ($14637),9  ($11970)","Jan 04, 2022,Jan 04, 2022,Jan 03, 2022,Jan 02, 2022,Jan 02, 2022,Sep 22, 2021,Sep 22, 2021,Sep 22, 2021,Aug 07, 2021,Feb 21, 2021,Feb 21, 2021,Feb 21, 2021,Feb 21, 2021,Feb 20, 2021,Feb 12, 2021,Feb 09, 2021,Feb 04, 2021,Feb 01, 2021,Feb 01, 2021"
84,https://www.larvalabs.com/public/images/cryptopunks/punk6828.png,75.99,254.61K,CryptoPunk 6828,6828,0xb4bb41,"75.99  ($327642),74.99  ($314876),72  ($295597),72  ($295597),5.69  ($8727),5.69  ($8727),6  ($2255),0.50  ($134)","Dec 07, 2021,Dec 06, 2021,Dec 05, 2021,Dec 05, 2021,Feb 03, 2021,Feb 02, 2021,Oct 11, 2020,Jul 13, 2019"
85,https://www.larvalabs.com/public/images/cryptopunks/punk5741.png,76,254.64K,CryptoPunk 5741,5741,0xf56969,"76  ($287552),8.89K  ($28.9M),98  ($318614),98  ($327779),68.87  ($230147),68.87  ($229572),56.88  ($189604),56.88  ($185941),51  ($166720),51  ($166720),45  ($137231),45  ($137231)","Jan 04, 2022,Aug 28, 2021,Aug 28, 2021,Aug 23, 2021,Aug 23, 2021,Aug 23, 2021,Aug 23, 2021,Aug 21, 2021,Aug 21, 2021,Aug 21, 2021,Aug 19, 2021,Aug 18, 2021"
86,https://www.larvalabs.com/public/images/cryptopunks/punk4454.png,76.69,256.95K,CryptoPunk 4454,4454,0x76ce9b,"64  ($257612),64  ($259180),65  ($263229),65  ($274077),73  ($330549),73  ($326880),70  ($314243),76.69  ($348426),83  ($391031),0.50  ($2041),89  ($363218),97  ($399828),55  ($178946),55  ($177812),51  ($168236),56  ($172923),51  ($155080),40  ($118789),60  ($177402),51  ($150792),51  ($151154),40  ($115949),53  ($155647),54  ($151908),54.69  ($151651),55.69  ($154424),53  ($146965),53  ($145533),35.05  ($95401),33.10  ($90670),33.10  ($89818),28.88  ($77785),28.88  ($71854),35.05  ($89270),16.50  ($32553),16.50  ($32353),14.50  ($28300),4.30  ($8425),4.30  ($8425),14.50  ($27739)","Dec 21, 2021,Dec 16, 2021,Dec 16, 2021,Dec 05, 2021,Dec 03, 2021,Dec 02, 2021,Dec 02, 2021,Dec 02, 2021,Dec 01, 2021,Nov 28, 2021,Nov 28, 2021,Nov 23, 2021,Aug 23, 2021,Aug 20, 2021,Aug 14, 2021,Aug 10, 2021,Aug 08, 2021,Aug 07, 2021,Aug 07, 2021,Aug 07, 2021,Aug 07, 2021,Aug 07, 2021,Aug 06, 2021,Aug 06, 2021,Aug 06, 2021,Aug 06, 2021,Aug 06, 2021,Aug 06, 2021,Aug 05, 2021,Aug 05, 2021,Aug 04, 2021,Aug 04, 2021,Aug 04, 2021,Aug 01, 2021,Feb 21, 2021,Feb 21, 2021,Feb 21, 2021,Feb 20, 2021,Feb 20, 2021,Feb 18, 2021"
87,https://www.larvalabs.com/public/images/cryptopunks/punk9345.png,76.69,256.95K,CryptoPunk 9345,9345,0xa397d0,"76.69  ($263222),79.45  ($296215),95  ($354190),69.45  ($258932),69.45  ($256985),4  ($14536),4  ($14536),2.12  ($7704),1.10  ($3997),1  ($3634),1  ($2532),1  ($2812),14.89  ($43379),14.89  ($42698),13  ($44279),13  ($46099),10  ($35369),13  ($43464),13  ($43464),14.50  ($48479),16  ($52733),19.90  ($75518),300  ($103098),1.99  ($684),1.80  ($607)","Jan 06, 2022,Jan 01, 2022,Jan 01, 2022,Jan 01, 2022,Jan 01, 2022,Dec 31, 2021,Dec 31, 2021,Dec 31, 2021,Dec 31, 2021,Dec 31, 2021,Jul 31, 2021,May 21, 2021,May 20, 2021,May 19, 2021,May 19, 2021,May 18, 2021,May 18, 2021,May 18, 2021,May 18, 2021,May 18, 2021,May 17, 2021,May 14, 2021,Sep 22, 2020,Sep 22, 2020,Sep 22, 2020"
88,https://www.larvalabs.com/public/images/cryptopunks/punk5265.png,76.76,257.19K,CryptoPunk 5265,5265,0x6f4a2d,"76.76  ($273766),88.88  ($330787)","Jan 05, 2022,Jan 01, 2022"
89,https://www.larvalabs.com/public/images/cryptopunks/punk1857.png,76.95,257.82K,CryptoPunk 1857,1857,<U+0001F977><U+0001F3FC><U+0001F977><U+0001F3FB>…,"76.95  ($249929),79.95  ($303988),75  ($304798),75  ($304798),81.18  ($332890),74.40  ($293306),79.90  ($317984),82.90  ($338924),71  ($321493),75  ($339712),71  ($321488),75  ($339600),87.90  ($393600),288  ($860921),4  ($15704),0.50  ($1956),0.50  ($1851),0.25  ($830),0.15  ($500),0.15  ($500),378  ($1.22M),303  ($950787),888  ($2.81M),35  ($53426),35  ($50026),2.25  ($3804),2.25  ($3714),0.30  ($330),0.30  ($364),0.08  ($43),0.08  ($61),0.05  ($49),0.05  ($36)","Jan 11, 2022,Jan 02, 2022,Dec 27, 2021,Dec 27, 2021,Dec 24, 2021,Dec 19, 2021,Dec 10, 2021,Dec 05, 2021,Dec 03, 2021,Dec 03, 2021,Dec 03, 2021,Dec 03, 2021,Dec 02, 2021,Sep 30, 2021,Sep 06, 2021,Sep 04, 2021,Sep 01, 2021,Aug 30, 2021,Aug 30, 2021,Aug 30, 2021,Aug 28, 2021,Aug 27, 2021,Aug 10, 2021,Mar 01, 2021,Feb 26, 2021,Feb 06, 2021,Feb 05, 2021,Jan 12, 2021,Jan 08, 2021,May 31, 2018,May 05, 2018,Jan 23, 2018,Dec 28, 2017"
90,https://www.larvalabs.com/public/images/cryptopunks/punk2347.png,76.95,257.82K,CryptoPunk 2347,2347,vault.pu…,"76.95  ($235390),81.95  ($311531),84.95  ($316721),79.95  ($325733),77.95  ($319984),74.95  ($308475),69.95  ($284366),52  ($208955),52  ($208955),80  ($319197),101  ($455928),66.59  ($207307),66.59  ($206552),62.99  ($183320),68.99  ($190576),64.99  ($181217),49.99  ($139391),47  ($122842),49.99  ($134214),51.50  ($138536),52.98  ($142494),45  ($112132),45  ($113085),30  ($75806),30  ($75525),50  ($126581),18  ($43396),18  ($41633),16.50  ($37814),16.50  ($43824),16  ($59505),16  ($61058),8  ($32338),20  ($81048),50  ($200388),0.42  ($128),0.42  ($86)","Jan 10, 2022,Jan 05, 2022,Jan 01, 2022,Dec 24, 2021,Dec 24, 2021,Dec 24, 2021,Dec 22, 2021,Dec 22, 2021,Dec 22, 2021,Dec 19, 2021,Dec 03, 2021,Aug 07, 2021,Aug 07, 2021,Aug 06, 2021,Aug 06, 2021,Aug 05, 2021,Aug 05, 2021,Aug 05, 2021,Aug 05, 2021,Aug 05, 2021,Aug 04, 2021,Aug 04, 2021,Aug 04, 2021,Aug 04, 2021,Aug 04, 2021,Aug 03, 2021,Jun 12, 2021,Jun 12, 2021,Jun 12, 2021,Jun 04, 2021,May 16, 2021,May 15, 2021,May 15, 2021,May 15, 2021,May 12, 2021,Sep 04, 2017,Jul 25, 2017"
91,https://www.larvalabs.com/public/images/cryptopunks/punk1803.png,77,257.99K,CryptoPunk 1803,1803,0xfda9b8,"77  ($250068),94  ($349243),140  ($452319),16.49  ($42729),16.49  ($40890),13  ($52184),13  ($48708),20.98  ($86115),26  ($100851),19  ($39273),12.50  ($25348),12.50  ($24974),7.50  ($13766),7.50  ($13788),19  ($35210)","Jan 12, 2022,Jan 03, 2022,Aug 29, 2021,May 24, 2021,May 24, 2021,May 14, 2021,May 13, 2021,May 12, 2021,May 08, 2021,Apr 08, 2021,Apr 02, 2021,Apr 02, 2021,Mar 31, 2021,Mar 30, 2021,Mar 30, 2021"
92,https://www.larvalabs.com/public/images/cryptopunks/punk9091.png,77,257.99K,CryptoPunk 9091,9091,0x110929,"77  ($314647),68  ($277518),68  ($277518),72  ($292846),0  ($31),<0.01  ($13)","Dec 27, 2021,Dec 27, 2021,Dec 27, 2021,Dec 15, 2021,Aug 27, 2021,Aug 02, 2021"
93,https://www.larvalabs.com/public/images/cryptopunks/punk1794.png,77.67,260.24K,CryptoPunk 1794,1794,0x073793,"77.67  ($252998),82.95  ($311008),85.69  ($322246),81.86  ($320896),1  ($4061),1  ($4061),90.89  ($370602),85  ($345727),75  ($304508),75  ($305167),82  ($334085),68  ($279648),64  ($261700),62  ($253277),75  ($299206),67  ($270443),67  ($271056),70  ($283193),78  ($301160),80  ($304248),70  ($279523),73.88  ($299751),73.88  ($294998),83  ($331162),86  ($350683),94  ($386959),73  ($296515),73  ($307066),70  ($287386),70  ($272383),200  ($647092),27.50  ($49572),27.50  ($52712),10  ($19668),19  ($37370),10  ($19668),19  ($37370),8  ($15735),8  ($15735),14  ($27239),17  ($32637)","Jan 07, 2022,Jan 04, 2022,Jan 02, 2022,Dec 28, 2021,Dec 27, 2021,Dec 27, 2021,Dec 26, 2021,Dec 26, 2021,Dec 25, 2021,Dec 24, 2021,Dec 24, 2021,Dec 24, 2021,Dec 24, 2021,Dec 24, 2021,Dec 19, 2021,Dec 16, 2021,Dec 16, 2021,Dec 16, 2021,Dec 15, 2021,Dec 14, 2021,Dec 13, 2021,Dec 12, 2021,Dec 11, 2021,Dec 10, 2021,Dec 10, 2021,Dec 06, 2021,Dec 06, 2021,Dec 05, 2021,Dec 05, 2021,Dec 04, 2021,Aug 28, 2021,Feb 22, 2021,Feb 22, 2021,Feb 19, 2021,Feb 19, 2021,Feb 19, 2021,Feb 19, 2021,Feb 19, 2021,Feb 19, 2021,Feb 19, 2021,Feb 19, 2021"
94,https://www.larvalabs.com/public/images/cryptopunks/punk5131.png,77.7,260.34K,CryptoPunk 5131,5131,ethie.et…,"58  ($235318),77.70  ($314094),70  ($287349),58  ($236820),70  ($274903),73  ($286413),76  ($305173),79  ($316739),99  ($402377),73  ($296702),69  ($280444),69  ($280003),9.85  ($17409),9.85  ($18061),4  ($1433),4  ($1513),1.98  ($726),1.88  ($696),1.75  ($659),1.75  ($396),1.29  ($315),1.45  ($299),1.45  ($290)","Dec 26, 2021,Dec 25, 2021,Dec 24, 2021,Dec 24, 2021,Dec 23, 2021,Dec 13, 2021,Dec 13, 2021,Dec 12, 2021,Dec 06, 2021,Dec 06, 2021,Dec 06, 2021,Dec 06, 2021,Feb 17, 2021,Feb 14, 2021,Sep 28, 2020,Sep 19, 2020,Sep 15, 2020,Sep 15, 2020,Sep 14, 2020,Jul 03, 2020,Jun 09, 2020,May 27, 2020,May 26, 2020"
95,https://www.larvalabs.com/public/images/cryptopunks/punk2071.png,77.73,260.44K,CryptoPunk 2071,2071,0x7fb715,"77.73  ($262064),100  ($436929),22.50  ($38147),<0.01  ($<0.01),0.12  ($84),0.12  ($79)","Jan 13, 2022,Dec 07, 2021,Mar 27, 2021,Dec 15, 2020,Dec 13, 2017,Dec 12, 2017"
96,https://www.larvalabs.com/public/images/cryptopunks/punk9056.png,77.77,260.57K,CryptoPunk 9056,9056,0x6611fe,"77.77  ($261358),64  ($205723),88.88  ($274278),19  ($33929),19  ($34793),31  ($54183),0.49  ($118)","Jan 12, 2022,Jan 12, 2022,Jan 11, 2022,Mar 21, 2021,Mar 20, 2021,Mar 13, 2021,Jul 07, 2017"
97,https://www.larvalabs.com/public/images/cryptopunks/punk7214.png,77.77,260.57K,CryptoPunk 7214,7214,0xcc7c33,"55  ($207248),55  ($206243),77.77  ($291931),<0.01  ($0),<0.01  ($1),<0.01  ($2)","Jan 02, 2022,Jan 01, 2022,Dec 30, 2021,Apr 24, 2019,Oct 05, 2018,Feb 16, 2018"
98,https://www.larvalabs.com/public/images/cryptopunks/punk3845.png,77.8,260.67K,CryptoPunk 3845,3845,0xhyperi…,"77.80  ($255160),60.69  ($223396),60.69  ($230472),75  ($296281),90  ($375194),218  ($704857),20.21  ($46983),20.21  ($46983),19  ($41214),19  ($40787),17  ($36091),17  ($36091),22.22  ($56413),25  ($97219),28.78  ($83037),32  ($68798),9.99  ($13531),5.82  ($2115),5.82  ($1371),1.67  ($452),0.65  ($176),0.50  ($123),0.65  ($153),0.60  ($141),0.50  ($115),0.79  ($144),0.11  ($67),0.11  ($79),0.20  ($170),1  ($1170),0.25  ($288),0.40  ($274),10  ($1971)","Jan 12, 2022,Jan 01, 2022,Dec 31, 2021,Dec 19, 2021,Dec 10, 2021,Aug 31, 2021,Jul 04, 2021,Jul 04, 2021,Jun 30, 2021,Jun 30, 2021,Jun 29, 2021,Jun 29, 2021,May 28, 2021,May 09, 2021,May 01, 2021,Apr 18, 2021,Jan 24, 2021,Sep 28, 2020,Jun 01, 2020,Feb 16, 2020,Feb 16, 2020,Feb 12, 2020,Feb 11, 2020,Feb 11, 2020,Feb 11, 2020,Jan 31, 2020,Mar 14, 2018,Mar 11, 2018,Feb 28, 2018,Jan 29, 2018,Jan 20, 2018,Dec 15, 2017,Jul 14, 2017"
99,https://www.larvalabs.com/public/images/cryptopunks/punk0927.png,77.95,261.18K,CryptoPunk 927,927,0xc9d483,"77.95  ($300454),97  ($444923),116  ($521934),129  ($541217),165  ($637380),0.65  ($88),0.65  ($86)","Dec 13, 2021,Dec 01, 2021,Nov 06, 2021,Oct 25, 2021,Oct 16, 2021,Jan 05, 2020,Jan 01, 2020"
100,https://www.larvalabs.com/public/images/cryptopunks/punk1181.png,77.97,261.24K,CryptoPunk 1181,1181,0xaf04fc,"77.97  ($237085),62  ($253892),62  ($251404),51.31  ($204223),51.31  ($205822),65  ($261087),100  ($396678),90  ($387191),115  ($530349),133.33  ($627803),130  ($519176),936  ($3.3M)","Jan 08, 2022,Dec 27, 2021,Dec 26, 2021,Dec 22, 2021,Dec 22, 2021,Dec 22, 2021,Dec 17, 2021,Dec 09, 2021,Nov 30, 2021,Nov 11, 2021,Oct 23, 2021,May 08, 2021"
